policy,walker,prefetch_limit,trial,e2e_ms,request_id,request_order,train_n,trial_count,pool_seed,coverage,accuracy,actual_ids,plan_ids,covered_ids,overfetch_ids,undercoverage_ids,topo_idx_ms,ttg_ms,prefetch_ms,materialize_ms,prefetch_wait_ms,walker_ms,l1_hit_rate,l1,l2,l3,miss,db_q,oracle_file,oracle_topology_file,model_file,model_topology_file,selep_events,selep_matched_events,selep_predictions,selep_blocks,selep_blocks_skipped,selep_prewarm_calls,selep_prewarm_ms,selep_errors
none,load_feed,0,1,9519.257719628513,sim_user_56,,,30,,,,,,,,,0.000,0.000,0.000,,,8388.272,50.0,10200,0,10205,0,,,,,,,,,,,,,
none,load_feed,0,2,9559.28947031498,sim_user_56,,,30,,,,,,,,,0.000,0.000,0.000,,,8420.048,50.0,10200,0,10205,0,,,,,,,,,,,,,
none,load_feed,0,3,9418.650668114424,sim_user_56,,,30,,,,,,,,,0.000,0.000,0.000,,,8265.098,50.0,10200,0,10205,0,,,,,,,,,,,,,
none,load_feed,0,4,9403.61905656755,sim_user_56,,,30,,,,,,,,,0.000,0.000,0.000,,,8269.344,50.0,10200,0,10205,0,,,,,,,,,,,,,
none,load_feed,0,5,9538.224116899073,sim_user_56,,,30,,,,,,,,,0.000,0.000,0.000,,,8446.172,50.0,10200,0,10205,0,,,,,,,,,,,,,
none,load_feed,0,6,9499.325665645301,sim_user_56,,,30,,,,,,,,,0.000,0.000,0.000,,,8383.688,50.0,10200,0,10205,0,,,,,,,,,,,,,
none,load_feed,0,7,9455.624520778656,sim_user_56,,,30,,,,,,,,,0.000,0.000,0.000,,,8347.034,50.0,10200,0,10205,0,,,,,,,,,,,,,
none,load_feed,0,8,9508.00094846636,sim_user_56,,,30,,,,,,,,,0.000,0.000,0.000,,,8370.287,50.0,10200,0,10205,0,,,,,,,,,,,,,
none,load_feed,0,9,9442.848953418434,sim_user_56,,,30,,,,,,,,,0.000,0.000,0.000,,,8324.157,50.0,10200,0,10205,0,,,,,,,,,,,,,
none,load_feed,0,10,9459.549592807889,sim_user_56,,,30,,,,,,,,,0.000,0.000,0.000,,,8373.801,50.0,10200,0,10205,0,,,,,,,,,,,,,
none,load_feed,0,11,9425.914018414915,sim_user_56,,,30,,,,,,,,,0.000,0.000,0.000,,,8320.060,50.0,10200,0,10205,0,,,,,,,,,,,,,
none,load_feed,0,12,9337.585954926908,sim_user_56,,,30,,,,,,,,,0.000,0.000,0.000,,,8261.780,50.0,10200,0,10205,0,,,,,,,,,,,,,
none,load_feed,0,13,9363.08313626796,sim_user_56,,,30,,,,,,,,,0.000,0.000,0.000,,,8272.493,50.0,10200,0,10205,0,,,,,,,,,,,,,
none,load_feed,0,14,9709.755671210587,sim_user_56,,,30,,,,,,,,,0.000,0.000,0.000,,,8591.388,50.0,10200,0,10205,0,,,,,,,,,,,,,
none,load_feed,0,15,9391.606885008514,sim_user_56,,,30,,,,,,,,,0.000,0.000,0.000,,,8319.560,50.0,10200,0,10205,0,,,,,,,,,,,,,
none,load_feed,0,16,9491.678701713681,sim_user_56,,,30,,,,,,,,,0.000,0.000,0.000,,,8391.458,50.0,10200,0,10205,0,,,,,,,,,,,,,
none,load_feed,0,17,9478.399125859141,sim_user_56,,,30,,,,,,,,,0.000,0.000,0.000,,,8329.952,50.0,10200,0,10205,0,,,,,,,,,,,,,
none,load_feed,0,18,9475.69421865046,sim_user_56,,,30,,,,,,,,,0.000,0.000,0.000,,,8384.647,50.0,10200,0,10205,0,,,,,,,,,,,,,
none,load_feed,0,19,9507.2082253173,sim_user_56,,,30,,,,,,,,,0.000,0.000,0.000,,,8384.148,50.0,10200,0,10205,0,,,,,,,,,,,,,
none,load_feed,0,20,9429.986405186355,sim_user_56,,,30,,,,,,,,,0.000,0.000,0.000,,,8328.463,50.0,10200,0,10205,0,,,,,,,,,,,,,
none,load_feed,0,21,9550.258192233741,sim_user_56,,,30,,,,,,,,,0.000,0.000,0.000,,,8443.689,50.0,10200,0,10205,0,,,,,,,,,,,,,
none,load_feed,0,22,9548.441926017404,sim_user_56,,,30,,,,,,,,,0.000,0.000,0.000,,,8462.085,50.0,10200,0,10205,0,,,,,,,,,,,,,
none,load_feed,0,23,9553.832286968827,sim_user_56,,,30,,,,,,,,,0.000,0.000,0.000,,,8427.449,50.0,10200,0,10205,0,,,,,,,,,,,,,
none,load_feed,0,24,9522.775947116315,sim_user_56,,,30,,,,,,,,,0.000,0.000,0.000,,,8415.230,50.0,10200,0,10205,0,,,,,,,,,,,,,
none,load_feed,0,25,9490.317964926362,sim_user_56,,,30,,,,,,,,,0.000,0.000,0.000,,,8385.679,50.0,10200,0,10205,0,,,,,,,,,,,,,
none,load_feed,0,26,9384.594931267202,sim_user_56,,,30,,,,,,,,,0.000,0.000,0.000,,,8243.435,50.0,10200,0,10205,0,,,,,,,,,,,,,
none,load_feed,0,27,9547.353303059936,sim_user_56,,,30,,,,,,,,,0.000,0.000,0.000,,,8428.477,50.0,10200,0,10205,0,,,,,,,,,,,,,
none,load_feed,0,28,9537.232492119074,sim_user_56,,,30,,,,,,,,,0.000,0.000,0.000,,,8450.706,50.0,10200,0,10205,0,,,,,,,,,,,,,
none,load_feed,0,29,9553.447948768735,sim_user_56,,,30,,,,,,,,,0.000,0.000,0.000,,,8425.986,50.0,10200,0,10205,0,,,,,,,,,,,,,
none,load_feed,0,30,9483.682062476873,sim_user_56,,,30,,,,,,,,,0.000,0.000,0.000,,,8367.364,50.0,10200,0,10205,0,,,,,,,,,,,,,
dbridge_like,load_feed,0,1,5967.2014228999615,sim_user_56,,,30,,100.0,100.0,10201,10200,10200,0,1,0.000,0.000,4983.741,4819.506,4983.213,104.094,0.0,0,0,10201,0,2,,,,,,,,,,,,
dbridge_like,load_feed,0,2,5915.299590677023,sim_user_56,,,30,,100.0,100.0,10201,10200,10200,0,1,0.000,0.000,4967.199,4833.917,4966.624,96.592,0.0,0,0,10201,0,2,,,,,,,,,,,,
dbridge_like,load_feed,0,3,6026.67800989002,sim_user_56,,,30,,100.0,100.0,10201,10200,10200,0,1,0.000,0.000,5054.712,4923.463,5054.168,97.447,0.0,0,0,10201,0,2,,,,,,,,,,,,
dbridge_like,load_feed,0,4,6016.639853827655,sim_user_56,,,30,,100.0,100.0,10201,10200,10200,0,1,0.000,0.000,5074.976,4905.609,5074.407,95.024,0.0,0,0,10201,0,2,,,,,,,,,,,,
dbridge_like,load_feed,0,5,5907.234907150269,sim_user_56,,,30,,100.0,100.0,10201,10200,10200,0,1,0.000,0.000,4933.667,4801.867,4933.097,98.954,0.0,0,0,10201,0,2,,,,,,,,,,,,
dbridge_like,load_feed,0,6,6028.37947756052,sim_user_56,,,30,,100.0,100.0,10201,10200,10200,0,1,0.000,0.000,5046.495,4891.029,5045.950,106.224,0.0,0,0,10201,0,2,,,,,,,,,,,,
dbridge_like,load_feed,0,7,6006.356297060847,sim_user_56,,,30,,100.0,100.0,10201,10200,10200,0,1,0.000,0.000,5041.475,4912.445,5040.905,97.425,0.0,0,0,10201,0,2,,,,,,,,,,,,
dbridge_like,load_feed,0,8,5974.130869843066,sim_user_56,,,30,,100.0,100.0,10201,10200,10200,0,1,0.000,0.000,5023.484,4897.356,5022.910,96.708,0.0,0,0,10201,0,2,,,,,,,,,,,,
dbridge_like,load_feed,0,9,6023.844121024013,sim_user_56,,,30,,100.0,100.0,10201,10200,10200,0,1,0.000,0.000,5032.389,4876.712,5031.814,101.691,0.0,0,0,10201,0,2,,,,,,,,,,,,
dbridge_like,load_feed,0,10,6077.1628161892295,sim_user_56,,,30,,100.0,100.0,10201,10200,10200,0,1,0.000,0.000,5076.494,4921.053,5075.914,102.837,0.0,0,0,10201,0,2,,,,,,,,,,,,
dbridge_like,load_feed,0,11,5958.43977574259,sim_user_56,,,30,,100.0,100.0,10201,10200,10200,0,1,0.000,0.000,5003.830,4875.947,5003.299,96.427,0.0,0,0,10201,0,2,,,,,,,,,,,,
dbridge_like,load_feed,0,12,6102.266404777765,sim_user_56,,,30,,100.0,100.0,10201,10200,10200,0,1,0.000,0.000,5108.578,4947.324,5108.053,97.875,0.0,0,0,10201,0,2,,,,,,,,,,,,
dbridge_like,load_feed,0,13,6026.586951687932,sim_user_56,,,30,,100.0,100.0,10201,10200,10200,0,1,0.000,0.000,5077.031,4941.669,5076.449,97.204,0.0,0,0,10201,0,2,,,,,,,,,,,,
dbridge_like,load_feed,0,14,6065.46176970005,sim_user_56,,,30,,100.0,100.0,10201,10200,10200,0,1,0.000,0.000,5105.775,4943.729,5105.262,98.315,0.0,0,0,10201,0,2,,,,,,,,,,,,
dbridge_like,load_feed,0,15,5952.002174220979,sim_user_56,,,30,,100.0,100.0,10201,10200,10200,0,1,0.000,0.000,4971.756,4834.406,4971.172,95.489,0.0,0,0,10201,0,2,,,,,,,,,,,,
dbridge_like,load_feed,0,16,5989.977898076177,sim_user_56,,,30,,100.0,100.0,10201,10200,10200,0,1,0.000,0.000,5002.554,4872.091,5001.998,96.128,0.0,0,0,10201,0,2,,,,,,,,,,,,
dbridge_like,load_feed,0,17,5947.586429305375,sim_user_56,,,30,,100.0,100.0,10201,10200,10200,0,1,0.000,0.000,4985.877,4857.698,4985.374,97.889,0.0,0,0,10201,0,2,,,,,,,,,,,,
dbridge_like,load_feed,0,18,6073.950108140707,sim_user_56,,,30,,100.0,100.0,10201,10200,10200,0,1,0.000,0.000,5092.650,4928.750,5092.112,100.736,0.0,0,0,10201,0,2,,,,,,,,,,,,
dbridge_like,load_feed,0,19,6053.7444008514285,sim_user_56,,,30,,100.0,100.0,10201,10200,10200,0,1,0.000,0.000,5095.482,4965.549,5094.950,98.012,0.0,0,0,10201,0,2,,,,,,,,,,,,
dbridge_like,load_feed,0,20,6074.3620824068785,sim_user_56,,,30,,100.0,100.0,10201,10200,10200,0,1,0.000,0.000,5130.991,5001.031,5130.458,95.777,0.0,0,0,10201,0,2,,,,,,,,,,,,
dbridge_like,load_feed,0,21,6053.458835929632,sim_user_56,,,30,,100.0,100.0,10201,10200,10200,0,1,0.000,0.000,5076.091,4948.196,5075.543,96.515,0.0,0,0,10201,0,2,,,,,,,,,,,,
dbridge_like,load_feed,0,22,6321.823574602604,sim_user_56,,,30,,100.0,100.0,10201,10200,10200,0,1,0.000,0.000,5295.757,5159.231,5295.192,99.616,0.0,0,0,10201,0,2,,,,,,,,,,,,
dbridge_like,load_feed,0,23,5993.288978002965,sim_user_56,,,30,,100.0,100.0,10201,10200,10200,0,1,0.000,0.000,5029.090,4891.748,5028.563,102.303,0.0,0,0,10201,0,2,,,,,,,,,,,,
dbridge_like,load_feed,0,24,5996.824063360691,sim_user_56,,,30,,100.0,100.0,10201,10200,10200,0,1,0.000,0.000,5005.983,4870.329,5005.407,98.594,0.0,0,0,10201,0,2,,,,,,,,,,,,
dbridge_like,load_feed,0,25,6347.299898043275,sim_user_56,,,30,,100.0,100.0,10201,10200,10200,0,1,0.000,0.000,5281.285,5146.439,5280.697,140.001,0.0,0,0,10201,0,2,,,,,,,,,,,,
dbridge_like,load_feed,0,26,5947.4474508315325,sim_user_56,,,30,,100.0,100.0,10201,10200,10200,0,1,0.000,0.000,4999.183,4832.322,4998.612,97.796,0.0,0,0,10201,0,2,,,,,,,,,,,,
dbridge_like,load_feed,0,27,6088.788160122931,sim_user_56,,,30,,100.0,100.0,10201,10200,10200,0,1,0.000,0.000,5088.570,4959.720,5088.012,99.491,0.0,0,0,10201,0,2,,,,,,,,,,,,
dbridge_like,load_feed,0,28,6043.058664537966,sim_user_56,,,30,,100.0,100.0,10201,10200,10200,0,1,0.000,0.000,5071.773,4909.207,5071.198,96.684,0.0,0,0,10201,0,2,,,,,,,,,,,,
dbridge_like,load_feed,0,29,6141.334529034793,sim_user_56,,,30,,100.0,100.0,10201,10200,10200,0,1,0.000,0.000,5154.399,5028.347,5153.856,99.224,0.0,0,0,10201,0,2,,,,,,,,,,,,
dbridge_like,load_feed,0,30,6180.4831912741065,sim_user_56,,,30,,100.0,100.0,10201,10200,10200,0,1,0.000,0.000,5185.984,5051.766,5185.440,100.183,0.0,0,0,10201,0,2,,,,,,,,,,,,
ttg,load_feed,2500,1,10182.224944233894,sim_user_56,,,30,,,,,,,,,0.000,666.695,366.932,,,8372.836,61.2,12486,0,7919,0,,,,,,,,,,,,,
ttg,load_feed,2500,2,10121.69449403882,sim_user_56,,,30,,,,,,,,,0.000,614.742,418.487,,,8337.255,61.2,12486,0,7919,0,,,,,,,,,,,,,
ttg,load_feed,2500,3,9747.931072488427,sim_user_56,,,30,,,,,,,,,0.000,600.338,361.747,,,7992.865,61.2,12486,0,7919,0,,,,,,,,,,,,,
ttg,load_feed,2500,4,9842.105765827,sim_user_56,,,30,,,,,,,,,0.000,633.996,361.953,,,8079.832,61.2,12486,0,7919,0,,,,,,,,,,,,,
ttg,load_feed,2500,5,10384.848020970821,sim_user_56,,,30,,,,,,,,,0.000,650.864,351.634,,,8423.067,61.2,12486,0,7919,0,,,,,,,,,,,,,
ttg,load_feed,2500,6,10000.926402397454,sim_user_56,,,30,,,,,,,,,0.000,643.322,391.463,,,8153.401,61.2,12486,0,7919,0,,,,,,,,,,,,,
ttg,load_feed,2500,7,9841.179864481091,sim_user_56,,,30,,,,,,,,,0.000,640.825,445.814,,,8007.839,61.2,12486,0,7919,0,,,,,,,,,,,,,
ttg,load_feed,2500,8,10238.989884965122,sim_user_56,,,30,,,,,,,,,0.000,620.865,380.195,,,8392.467,61.2,12486,0,7919,0,,,,,,,,,,,,,
ttg,load_feed,2500,9,9881.71701412648,sim_user_56,,,30,,,,,,,,,0.000,606.850,393.392,,,8114.910,61.2,12486,0,7919,0,,,,,,,,,,,,,
ttg,load_feed,2500,10,10072.7723762393,sim_user_56,,,30,,,,,,,,,0.000,618.844,360.943,,,8264.393,61.2,12486,0,7919,0,,,,,,,,,,,,,
ttg,load_feed,2500,11,9837.771174497902,sim_user_56,,,30,,,,,,,,,0.000,634.214,361.960,,,8018.524,61.2,12486,0,7919,0,,,,,,,,,,,,,
ttg,load_feed,2500,12,10035.03501135856,sim_user_56,,,30,,,,,,,,,0.000,631.121,367.681,,,8246.563,61.2,12486,0,7919,0,,,,,,,,,,,,,
ttg,load_feed,2500,13,9887.65624165535,sim_user_56,,,30,,,,,,,,,0.000,640.156,414.530,,,8070.564,61.2,12486,0,7919,0,,,,,,,,,,,,,
ttg,load_feed,2500,14,9682.151482440531,sim_user_56,,,30,,,,,,,,,0.000,602.491,377.199,,,7964.695,61.2,12486,0,7919,0,,,,,,,,,,,,,
ttg,load_feed,2500,15,9683.845544233918,sim_user_56,,,30,,,,,,,,,0.000,650.312,388.709,,,7914.034,61.2,12486,0,7919,0,,,,,,,,,,,,,
ttg,load_feed,2500,16,9577.820575796068,sim_user_56,,,30,,,,,,,,,0.000,599.301,388.568,,,7848.549,61.2,12486,0,7919,0,,,,,,,,,,,,,
ttg,load_feed,2500,17,9592.953615821898,sim_user_56,,,30,,,,,,,,,0.000,604.922,386.754,,,7862.066,61.2,12486,0,7919,0,,,,,,,,,,,,,
ttg,load_feed,2500,18,9399.21105839312,sim_user_56,,,30,,,,,,,,,0.000,437.921,357.674,,,7848.791,61.2,12486,0,7919,0,,,,,,,,,,,,,
ttg,load_feed,2500,19,9483.369009569287,sim_user_56,,,30,,,,,,,,,0.000,444.010,358.348,,,7910.126,61.2,12486,0,7919,0,,,,,,,,,,,,,
ttg,load_feed,2500,20,9425.955791957676,sim_user_56,,,30,,,,,,,,,0.000,430.783,388.624,,,7868.971,61.2,12486,0,7919,0,,,,,,,,,,,,,
ttg,load_feed,2500,21,9496.040536090732,sim_user_56,,,30,,,,,,,,,0.000,431.263,359.705,,,7959.288,61.2,12486,0,7919,0,,,,,,,,,,,,,
ttg,load_feed,2500,22,9400.872935540974,sim_user_56,,,30,,,,,,,,,0.000,429.390,356.123,,,7824.927,61.2,12486,0,7919,0,,,,,,,,,,,,,
ttg,load_feed,2500,23,9490.298541262746,sim_user_56,,,30,,,,,,,,,0.000,425.655,341.895,,,7957.622,61.2,12486,0,7919,0,,,,,,,,,,,,,
ttg,load_feed,2500,24,9459.542542696,sim_user_56,,,30,,,,,,,,,0.000,460.612,363.456,,,7923.866,61.2,12486,0,7919,0,,,,,,,,,,,,,
ttg,load_feed,2500,25,9374.18255675584,sim_user_56,,,30,,,,,,,,,0.000,425.516,359.108,,,7812.651,61.2,12486,0,7919,0,,,,,,,,,,,,,
ttg,load_feed,2500,26,9460.449590347707,sim_user_56,,,30,,,,,,,,,0.000,428.185,392.867,,,7933.927,61.2,12486,0,7919,0,,,,,,,,,,,,,
ttg,load_feed,2500,27,9467.62007009238,sim_user_56,,,30,,,,,,,,,0.000,440.073,344.405,,,7896.710,61.2,12486,0,7919,0,,,,,,,,,,,,,
ttg,load_feed,2500,28,9491.36543367058,sim_user_56,,,30,,,,,,,,,0.000,431.269,374.193,,,7928.004,61.2,12486,0,7919,0,,,,,,,,,,,,,
ttg,load_feed,2500,29,9452.852699905634,sim_user_56,,,30,,,,,,,,,0.000,457.763,399.763,,,7870.269,61.2,12486,0,7919,0,,,,,,,,,,,,,
ttg,load_feed,2500,30,9334.083491005003,sim_user_56,,,30,,,,,,,,,0.000,434.669,358.091,,,7800.568,61.2,12486,0,7919,0,,,,,,,,,,,,,
ttg,load_feed,5000,1,9950.369761325419,sim_user_56,,,30,,,,,,,,,0.000,913.905,579.291,,,7908.290,73.4,14974,0,5431,0,,,,,,,,,,,,,
ttg,load_feed,5000,2,9721.218092367053,sim_user_56,,,30,,,,,,,,,0.000,855.194,581.571,,,7730.865,73.4,14974,0,5431,0,,,,,,,,,,,,,
ttg,load_feed,5000,3,9785.342568531632,sim_user_56,,,30,,,,,,,,,0.000,860.039,550.969,,,7809.247,73.4,14974,0,5431,0,,,,,,,,,,,,,
ttg,load_feed,5000,4,9723.649594932795,sim_user_56,,,30,,,,,,,,,0.000,896.461,573.670,,,7707.521,73.4,14974,0,5431,0,,,,,,,,,,,,,
ttg,load_feed,5000,5,9955.896640196443,sim_user_56,,,30,,,,,,,,,0.000,888.538,668.099,,,7910.197,73.4,14974,0,5431,0,,,,,,,,,,,,,
ttg,load_feed,5000,6,9805.033466778696,sim_user_56,,,30,,,,,,,,,0.000,900.704,565.734,,,7769.644,73.4,14974,0,5431,0,,,,,,,,,,,,,
ttg,load_feed,5000,7,9840.532089583576,sim_user_56,,,30,,,,,,,,,0.000,857.733,577.323,,,7810.555,73.4,14974,0,5431,0,,,,,,,,,,,,,
ttg,load_feed,5000,8,9846.446906216443,sim_user_56,,,30,,,,,,,,,0.000,880.110,615.645,,,7842.182,73.4,14974,0,5431,0,,,,,,,,,,,,,
ttg,load_feed,5000,9,9975.10897833854,sim_user_56,,,30,,,,,,,,,0.000,918.753,574.007,,,7890.387,73.4,14974,0,5431,0,,,,,,,,,,,,,
ttg,load_feed,5000,10,9760.933442041278,sim_user_56,,,30,,,,,,,,,0.000,845.587,553.888,,,7785.347,73.4,14974,0,5431,0,,,,,,,,,,,,,
ttg,load_feed,5000,11,9963.309022597969,sim_user_56,,,30,,,,,,,,,0.000,873.372,626.415,,,7967.191,73.4,14974,0,5431,0,,,,,,,,,,,,,
ttg,load_feed,5000,12,9772.509520873427,sim_user_56,,,30,,,,,,,,,0.000,858.933,596.387,,,7772.528,73.4,14974,0,5431,0,,,,,,,,,,,,,
ttg,load_feed,5000,13,9943.524646572769,sim_user_56,,,30,,,,,,,,,0.000,854.497,641.478,,,7946.955,73.4,14974,0,5431,0,,,,,,,,,,,,,
ttg,load_feed,5000,14,9926.086055114865,sim_user_56,,,30,,,,,,,,,0.000,860.137,648.544,,,7908.865,73.4,14974,0,5431,0,,,,,,,,,,,,,
ttg,load_feed,5000,15,9922.878991812468,sim_user_56,,,30,,,,,,,,,0.000,865.850,569.382,,,7953.097,73.4,14974,0,5431,0,,,,,,,,,,,,,
ttg,load_feed,5000,16,9847.71920926869,sim_user_56,,,30,,,,,,,,,0.000,896.982,575.196,,,7822.457,73.4,14974,0,5431,0,,,,,,,,,,,,,
ttg,load_feed,5000,17,9828.23157031089,sim_user_56,,,30,,,,,,,,,0.000,866.896,582.054,,,7845.450,73.4,14974,0,5431,0,,,,,,,,,,,,,
ttg,load_feed,5000,18,9747.608087025583,sim_user_56,,,30,,,,,,,,,0.000,852.330,568.438,,,7770.584,73.4,14974,0,5431,0,,,,,,,,,,,,,
ttg,load_feed,5000,19,9577.013022266328,sim_user_56,,,30,,,,,,,,,0.000,684.095,573.451,,,7761.309,73.4,14974,0,5431,0,,,,,,,,,,,,,
ttg,load_feed,5000,20,9632.454566657543,sim_user_56,,,30,,,,,,,,,0.000,678.642,567.736,,,7812.563,73.4,14974,0,5431,0,,,,,,,,,,,,,
ttg,load_feed,5000,21,9686.577579006553,sim_user_56,,,30,,,,,,,,,0.000,693.021,580.506,,,7880.204,73.4,14974,0,5431,0,,,,,,,,,,,,,
ttg,load_feed,5000,22,9664.2130529508,sim_user_56,,,30,,,,,,,,,0.000,676.687,573.604,,,7828.774,73.4,14974,0,5431,0,,,,,,,,,,,,,
ttg,load_feed,5000,23,9686.781293712556,sim_user_56,,,30,,,,,,,,,0.000,724.792,598.878,,,7824.543,73.4,14974,0,5431,0,,,,,,,,,,,,,
ttg,load_feed,5000,24,9715.011987835169,sim_user_56,,,30,,,,,,,,,0.000,695.285,643.229,,,7902.011,73.4,14974,0,5431,0,,,,,,,,,,,,,
ttg,load_feed,5000,25,9720.138617791235,sim_user_56,,,30,,,,,,,,,0.000,728.040,587.573,,,7869.055,73.4,14974,0,5431,0,,,,,,,,,,,,,
ttg,load_feed,5000,26,9589.39436916262,sim_user_56,,,30,,,,,,,,,0.000,721.183,584.306,,,7745.688,73.4,14974,0,5431,0,,,,,,,,,,,,,
ttg,load_feed,5000,27,9651.018074713647,sim_user_56,,,30,,,,,,,,,0.000,685.645,575.831,,,7830.886,73.4,14974,0,5431,0,,,,,,,,,,,,,
ttg,load_feed,5000,28,9676.931075751781,sim_user_56,,,30,,,,,,,,,0.000,679.595,575.278,,,7885.063,73.4,14974,0,5431,0,,,,,,,,,,,,,
ttg,load_feed,5000,29,9751.012429594994,sim_user_56,,,30,,,,,,,,,0.000,691.483,577.197,,,7906.756,73.4,14974,0,5431,0,,,,,,,,,,,,,
ttg,load_feed,5000,30,9667.736946605146,sim_user_56,,,30,,,,,,,,,0.000,715.731,553.431,,,7819.604,73.4,14974,0,5431,0,,,,,,,,,,,,,
ttg,load_feed,7500,1,10295.816686935723,sim_user_56,,,30,,,,,,,,,0.000,1170.352,722.854,,,7923.904,85.6,17461,0,2944,0,,,,,,,,,,,,,
ttg,load_feed,7500,2,10184.022991918027,sim_user_56,,,30,,,,,,,,,0.000,1154.374,733.424,,,7866.396,85.6,17461,0,2944,0,,,,,,,,,,,,,
ttg,load_feed,7500,3,10132.430661469698,sim_user_56,,,30,,,,,,,,,0.000,1110.397,775.894,,,7875.941,85.6,17461,0,2944,0,,,,,,,,,,,,,
ttg,load_feed,7500,4,10077.155778184533,sim_user_56,,,30,,,,,,,,,0.000,1098.559,754.533,,,7833.954,85.6,17461,0,2944,0,,,,,,,,,,,,,
ttg,load_feed,7500,5,10133.102817460895,sim_user_56,,,30,,,,,,,,,0.000,1099.587,805.329,,,7888.861,85.6,17461,0,2944,0,,,,,,,,,,,,,
ttg,load_feed,7500,6,10206.326736137271,sim_user_56,,,30,,,,,,,,,0.000,1102.211,743.902,,,7917.361,85.6,17461,0,2944,0,,,,,,,,,,,,,
ttg,load_feed,7500,7,10322.13789690286,sim_user_56,,,30,,,,,,,,,0.000,1139.853,790.932,,,7996.009,85.6,17461,0,2944,0,,,,,,,,,,,,,
ttg,load_feed,7500,8,10595.80387827009,sim_user_56,,,30,,,,,,,,,0.000,1146.713,772.867,,,8251.188,85.6,17461,0,2944,0,,,,,,,,,,,,,
ttg,load_feed,7500,9,10223.900712095201,sim_user_56,,,30,,,,,,,,,0.000,1138.278,763.871,,,7884.570,85.6,17461,0,2944,0,,,,,,,,,,,,,
ttg,load_feed,7500,10,10653.5814544186,sim_user_56,,,30,,,,,,,,,0.000,1148.214,837.859,,,8284.205,85.6,17461,0,2944,0,,,,,,,,,,,,,
ttg,load_feed,7500,11,10337.91731018573,sim_user_56,,,30,,,,,,,,,0.000,1113.460,750.099,,,8067.147,85.6,17461,0,2944,0,,,,,,,,,,,,,
ttg,load_feed,7500,12,10451.036408543587,sim_user_56,,,30,,,,,,,,,0.000,1223.013,843.538,,,8032.067,85.6,17461,0,2944,0,,,,,,,,,,,,,
ttg,load_feed,7500,13,10488.85418009013,sim_user_56,,,30,,,,,,,,,0.000,1135.178,795.678,,,8138.722,85.6,17461,0,2944,0,,,,,,,,,,,,,
ttg,load_feed,7500,14,10370.536051690578,sim_user_56,,,30,,,,,,,,,0.000,1117.880,784.873,,,8089.589,85.6,17461,0,2944,0,,,,,,,,,,,,,
ttg,load_feed,7500,15,10592.666422948241,sim_user_56,,,30,,,,,,,,,0.000,1121.319,831.830,,,8221.132,85.6,17461,0,2944,0,,,,,,,,,,,,,
ttg,load_feed,7500,16,10654.122752137482,sim_user_56,,,30,,,,,,,,,0.000,1134.538,864.174,,,8340.172,85.6,17461,0,2944,0,,,,,,,,,,,,,
ttg,load_feed,7500,17,10147.495391778648,sim_user_56,,,30,,,,,,,,,0.000,936.293,774.593,,,7999.167,85.6,17461,0,2944,0,,,,,,,,,,,,,
ttg,load_feed,7500,18,10443.898456171155,sim_user_56,,,30,,,,,,,,,0.000,968.498,840.368,,,8257.282,85.6,17461,0,2944,0,,,,,,,,,,,,,
ttg,load_feed,7500,19,10158.256852068007,sim_user_56,,,30,,,,,,,,,0.000,949.119,781.640,,,8044.872,85.6,17461,0,2944,0,,,,,,,,,,,,,
ttg,load_feed,7500,20,10050.58036930859,sim_user_56,,,30,,,,,,,,,0.000,999.682,816.166,,,7879.550,85.6,17461,0,2944,0,,,,,,,,,,,,,
ttg,load_feed,7500,21,10303.222604095936,sim_user_56,,,30,,,,,,,,,0.000,951.302,811.638,,,8158.847,85.6,17461,0,2944,0,,,,,,,,,,,,,
ttg,load_feed,7500,22,10138.312870636582,sim_user_56,,,30,,,,,,,,,0.000,935.216,836.628,,,8000.037,85.6,17461,0,2944,0,,,,,,,,,,,,,
ttg,load_feed,7500,23,10585.488553158939,sim_user_56,,,30,,,,,,,,,0.000,1009.676,851.953,,,8339.629,85.6,17461,0,2944,0,,,,,,,,,,,,,
ttg,load_feed,7500,24,10603.018866851926,sim_user_56,,,30,,,,,,,,,0.000,934.319,769.103,,,8470.289,85.6,17461,0,2944,0,,,,,,,,,,,,,
ttg,load_feed,7500,25,10245.296778157353,sim_user_56,,,30,,,,,,,,,0.000,975.750,853.163,,,8126.566,85.6,17461,0,2944,0,,,,,,,,,,,,,
ttg,load_feed,7500,26,11158.451720140874,sim_user_56,,,30,,,,,,,,,0.000,1009.175,871.004,,,8827.217,85.6,17461,0,2944,0,,,,,,,,,,,,,
ttg,load_feed,7500,27,10682.836159132421,sim_user_56,,,30,,,,,,,,,0.000,1220.269,953.538,,,8311.592,85.6,17461,0,2944,0,,,,,,,,,,,,,
ttg,load_feed,7500,28,10750.750350765884,sim_user_56,,,30,,,,,,,,,0.000,997.960,878.519,,,8539.499,85.6,17461,0,2944,0,,,,,,,,,,,,,
ttg,load_feed,7500,29,10162.00246475637,sim_user_56,,,30,,,,,,,,,0.000,927.512,747.153,,,8069.068,85.6,17461,0,2944,0,,,,,,,,,,,,,
ttg,load_feed,7500,30,10060.572575777769,sim_user_56,,,30,,,,,,,,,0.000,950.378,784.142,,,7912.648,85.6,17461,0,2944,0,,,,,,,,,,,,,
ttg,load_feed,10000,1,10246.339263394475,sim_user_56,,,30,,,,,,,,,0.000,1445.022,1769.620,,,7658.500,97.8,19949,0,456,0,,,,,,,,,,,,,
ttg,load_feed,10000,2,10943.222098052502,sim_user_56,,,30,,,,,,,,,0.000,1385.358,1165.647,,,8419.113,50.0,10200,0,10205,0,,,,,,,,,,,,,
ttg,load_feed,10000,3,10343.086697161198,sim_user_56,,,30,,,,,,,,,0.000,1368.128,945.891,,,7764.835,97.8,19949,0,456,0,,,,,,,,,,,,,
ttg,load_feed,10000,4,10190.369125455618,sim_user_56,,,30,,,,,,,,,0.000,1338.884,1728.389,,,7692.321,97.8,19949,0,456,0,,,,,,,,,,,,,
ttg,load_feed,10000,5,10269.437462091446,sim_user_56,,,30,,,,,,,,,0.000,1376.754,1436.011,,,7671.979,97.8,19949,0,456,0,,,,,,,,,,,,,
ttg,load_feed,10000,6,10241.698445752263,sim_user_56,,,30,,,,,,,,,0.000,1350.566,1125.536,,,7753.343,97.8,19949,0,456,0,,,,,,,,,,,,,
ttg,load_feed,10000,7,10158.481617458165,sim_user_56,,,30,,,,,,,,,0.000,1337.932,945.224,,,7666.931,97.8,19949,0,456,0,,,,,,,,,,,,,
ttg,load_feed,10000,8,10260.8681935817,sim_user_56,,,30,,,,,,,,,0.000,1331.183,1271.025,,,7775.163,97.8,19949,0,456,0,,,,,,,,,,,,,
ttg,load_feed,10000,9,10231.81148711592,sim_user_56,,,30,,,,,,,,,0.000,1356.886,902.300,,,7712.528,97.8,19949,0,456,0,,,,,,,,,,,,,
ttg,load_feed,10000,10,10787.48028818518,sim_user_56,,,30,,,,,,,,,0.000,1342.275,1172.807,,,8296.039,50.0,10200,0,10205,0,,,,,,,,,,,,,
ttg,load_feed,10000,11,10317.079410888255,sim_user_56,,,30,,,,,,,,,0.000,1382.858,1381.698,,,7711.198,97.8,19949,0,456,0,,,,,,,,,,,,,
ttg,load_feed,10000,12,10393.575909547508,sim_user_56,,,30,,,,,,,,,0.000,1355.194,974.561,,,7834.396,97.8,19949,0,456,0,,,,,,,,,,,,,
ttg,load_feed,10000,13,11010.502406395972,sim_user_56,,,30,,,,,,,,,0.000,1386.858,1176.194,,,8404.947,50.0,10200,0,10205,0,,,,,,,,,,,,,
ttg,load_feed,10000,14,10507.071169093251,sim_user_56,,,30,,,,,,,,,0.000,1379.567,956.660,,,7908.976,97.8,19949,0,456,0,,,,,,,,,,,,,
ttg,load_feed,10000,15,10316.707029007375,sim_user_56,,,30,,,,,,,,,0.000,1360.754,960.968,,,7790.190,97.8,19949,0,456,0,,,,,,,,,,,,,
ttg,load_feed,10000,16,10260.621102526784,sim_user_56,,,30,,,,,,,,,0.000,1347.046,946.182,,,7735.236,97.8,19949,0,456,0,,,,,,,,,,,,,
ttg,load_feed,10000,17,10387.168529443443,sim_user_56,,,30,,,,,,,,,0.000,1378.455,967.917,,,7851.196,97.8,19949,0,456,0,,,,,,,,,,,,,
ttg,load_feed,10000,18,10258.534128777683,sim_user_56,,,30,,,,,,,,,0.000,1206.355,962.050,,,7874.562,97.8,19949,0,456,0,,,,,,,,,,,,,
ttg,load_feed,10000,19,10136.635267175734,sim_user_56,,,30,,,,,,,,,0.000,1198.513,953.927,,,7756.486,97.8,19949,0,456,0,,,,,,,,,,,,,
ttg,load_feed,10000,20,10078.152370639145,sim_user_56,,,30,,,,,,,,,0.000,1174.684,949.930,,,7724.473,97.8,19949,0,456,0,,,,,,,,,,,,,
ttg,load_feed,10000,21,11798.834177665412,sim_user_56,,,30,,,,,,,,,0.000,1179.908,952.061,,,9422.405,97.8,19949,0,456,0,,,,,,,,,,,,,
ttg,load_feed,10000,22,10189.259773120284,sim_user_56,,,30,,,,,,,,,0.000,1167.549,994.085,,,7832.488,97.8,19949,0,456,0,,,,,,,,,,,,,
ttg,load_feed,10000,23,10241.94838758558,sim_user_56,,,30,,,,,,,,,0.000,1232.270,903.383,,,7827.955,97.8,19949,0,456,0,,,,,,,,,,,,,
ttg,load_feed,10000,24,10757.33708590269,sim_user_56,,,30,,,,,,,,,0.000,1266.905,1101.752,,,8279.016,97.8,19949,0,456,0,,,,,,,,,,,,,
ttg,load_feed,10000,25,10225.852313451469,sim_user_56,,,30,,,,,,,,,0.000,1219.132,1447.855,,,7832.201,97.8,19949,0,456,0,,,,,,,,,,,,,
ttg,load_feed,10000,26,10369.118061847985,sim_user_56,,,30,,,,,,,,,0.000,1216.600,971.369,,,7994.264,97.8,19949,0,456,0,,,,,,,,,,,,,
ttg,load_feed,10000,27,10397.48824108392,sim_user_56,,,30,,,,,,,,,0.000,1181.139,974.090,,,8019.491,97.8,19949,0,456,0,,,,,,,,,,,,,
ttg,load_feed,10000,28,10440.579607151449,sim_user_56,,,30,,,,,,,,,0.000,1210.163,1003.546,,,8005.323,97.8,19949,0,456,0,,,,,,,,,,,,,
ttg,load_feed,10000,29,10677.242902107537,sim_user_56,,,30,,,,,,,,,0.000,1229.453,1030.497,,,8189.230,97.8,19949,0,456,0,,,,,,,,,,,,,
ttg,load_feed,10000,30,10487.846936099231,sim_user_56,,,30,,,,,,,,,0.000,1257.621,1041.570,,,8028.181,97.8,19949,0,456,0,,,,,,,,,,,,,
ttg,load_feed,12500,1,10603.437381796539,sim_user_56,,,30,,,,,,,,,0.000,1544.873,1029.738,,,7870.510,99.0,20200,0,205,0,,,,,,,,,,,,,
ttg,load_feed,12500,2,11299.658852629364,sim_user_56,,,30,,,,,,,,,0.000,1385.224,1554.387,,,8711.009,50.0,10200,0,10205,0,,,,,,,,,,,,,
ttg,load_feed,12500,3,10361.148782074451,sim_user_56,,,30,,,,,,,,,0.000,1418.559,1006.386,,,7792.004,99.0,20200,0,205,0,,,,,,,,,,,,,
ttg,load_feed,12500,4,11118.45418997109,sim_user_56,,,30,,,,,,,,,0.000,1472.064,1674.432,,,8479.033,50.0,10200,0,10205,0,,,,,,,,,,,,,
ttg,load_feed,12500,5,10688.99928405881,sim_user_56,,,30,,,,,,,,,0.000,1424.130,974.665,,,8103.380,99.0,20200,0,205,0,,,,,,,,,,,,,
ttg,load_feed,12500,6,10681.266219355166,sim_user_56,,,30,,,,,,,,,0.000,1427.258,1020.627,,,8029.819,99.0,20200,0,205,0,,,,,,,,,,,,,
ttg,load_feed,12500,7,10554.870443418622,sim_user_56,,,30,,,,,,,,,0.000,1450.696,1120.363,,,7935.077,99.0,20200,0,205,0,,,,,,,,,,,,,
ttg,load_feed,12500,8,10844.010427594185,sim_user_56,,,30,,,,,,,,,0.000,1400.554,1059.986,,,8223.206,99.0,20200,0,205,0,,,,,,,,,,,,,
ttg,load_feed,12500,9,10687.707302160561,sim_user_56,,,30,,,,,,,,,0.000,1425.144,1802.212,,,8012.908,99.0,20200,0,205,0,,,,,,,,,,,,,
ttg,load_feed,12500,10,11208.913326263428,sim_user_56,,,30,,,,,,,,,0.000,1458.212,1006.337,,,8489.393,99.0,20200,0,205,0,,,,,,,,,,,,,
ttg,load_feed,12500,11,10720.035038888454,sim_user_56,,,30,,,,,,,,,0.000,1406.308,1022.963,,,8049.934,99.0,20200,0,205,0,,,,,,,,,,,,,
ttg,load_feed,12500,12,10840.203936211765,sim_user_56,,,30,,,,,,,,,0.000,1420.663,1057.199,,,8179.174,99.0,20200,0,205,0,,,,,,,,,,,,,
ttg,load_feed,12500,13,10442.107510752976,sim_user_56,,,30,,,,,,,,,0.000,1401.942,945.647,,,7828.227,99.0,20200,0,205,0,,,,,,,,,,,,,
ttg,load_feed,12500,14,10871.024392545223,sim_user_56,,,30,,,,,,,,,0.000,1459.290,982.747,,,8213.467,99.0,20200,0,205,0,,,,,,,,,,,,,
ttg,load_feed,12500,15,10997.948509640992,sim_user_56,,,30,,,,,,,,,0.000,1467.779,1492.082,,,8256.418,99.0,20200,0,205,0,,,,,,,,,,,,,
ttg,load_feed,12500,16,10557.89361987263,sim_user_56,,,30,,,,,,,,,0.000,1501.290,1085.895,,,7887.967,99.0,20200,0,205,0,,,,,,,,,,,,,
ttg,load_feed,12500,17,11046.731032431126,sim_user_56,,,30,,,,,,,,,0.000,1267.355,1054.843,,,8461.998,99.0,20200,0,205,0,,,,,,,,,,,,,
ttg,load_feed,12500,18,10480.250689201057,sim_user_56,,,30,,,,,,,,,0.000,1262.345,965.143,,,7957.061,99.0,20200,0,205,0,,,,,,,,,,,,,
ttg,load_feed,12500,19,11093.218716792762,sim_user_56,,,30,,,,,,,,,0.000,1300.862,1158.279,,,8585.026,99.0,20200,0,205,0,,,,,,,,,,,,,
ttg,load_feed,12500,20,10474.392980337143,sim_user_56,,,30,,,,,,,,,0.000,1222.060,1097.524,,,8035.265,99.0,20200,0,205,0,,,,,,,,,,,,,
ttg,load_feed,12500,21,10264.996482990682,sim_user_56,,,30,,,,,,,,,0.000,1293.052,954.961,,,7773.951,99.0,20200,0,205,0,,,,,,,,,,,,,
ttg,load_feed,12500,22,10795.868688262999,sim_user_56,,,30,,,,,,,,,0.000,1226.652,1018.314,,,8317.031,99.0,20200,0,205,0,,,,,,,,,,,,,
ttg,load_feed,12500,23,10461.725818924606,sim_user_56,,,30,,,,,,,,,0.000,1261.257,1004.303,,,7990.828,99.0,20200,0,205,0,,,,,,,,,,,,,
ttg,load_feed,12500,24,10853.87231130153,sim_user_56,,,30,,,,,,,,,0.000,1293.358,1181.994,,,8340.936,99.0,20200,0,205,0,,,,,,,,,,,,,
ttg,load_feed,12500,25,10350.446315482259,sim_user_56,,,30,,,,,,,,,0.000,1218.272,1007.072,,,7949.481,99.0,20200,0,205,0,,,,,,,,,,,,,
ttg,load_feed,12500,26,11135.530275292695,sim_user_56,,,30,,,,,,,,,0.000,1323.345,1586.507,,,8501.460,99.0,20200,0,205,0,,,,,,,,,,,,,
ttg,load_feed,12500,27,10299.407264217734,sim_user_56,,,30,,,,,,,,,0.000,1271.012,1562.139,,,7822.693,99.0,20200,0,205,0,,,,,,,,,,,,,
ttg,load_feed,12500,28,10530.281613580883,sim_user_56,,,30,,,,,,,,,0.000,1315.245,1105.476,,,8022.998,99.0,20200,0,205,0,,,,,,,,,,,,,
ttg,load_feed,12500,29,10719.250984489918,sim_user_56,,,30,,,,,,,,,0.000,1264.002,964.950,,,8129.647,99.0,20200,0,205,0,,,,,,,,,,,,,
ttg,load_feed,12500,30,10440.850536338985,sim_user_56,,,30,,,,,,,,,0.000,1376.913,1086.067,,,7880.038,99.0,20200,0,205,0,,,,,,,,,,,,,
oracle,load_feed,0,1,10714.650446549058,sim_user_56,,,30,,,,,,,,,757.508,849.984,1225.019,,,7372.181,100.0,30401,0,4,0,,/workspace/jaseci_external_tools/littlex5/oracle_plans/littlex5/load_feed/sim_user_56_limit0_trial1.uuids,/workspace/jaseci_external_tools/littlex5/oracle_plans/littlex5/load_feed/sim_user_56_limit0_trial1.uuids.topology.json,,,,,,,,,,
oracle,load_feed,0,2,10652.722359634936,sim_user_56,,,30,,,,,,,,,753.260,844.884,1225.385,,,7337.471,100.0,30401,0,4,0,,/workspace/jaseci_external_tools/littlex5/oracle_plans/littlex5/load_feed/sim_user_56_limit0_trial2.uuids,/workspace/jaseci_external_tools/littlex5/oracle_plans/littlex5/load_feed/sim_user_56_limit0_trial2.uuids.topology.json,,,,,,,,,,
oracle,load_feed,0,3,10762.882764451206,sim_user_56,,,30,,,,,,,,,753.943,845.847,1244.861,,,7416.952,100.0,30401,0,4,0,,/workspace/jaseci_external_tools/littlex5/oracle_plans/littlex5/load_feed/sim_user_56_limit0_trial3.uuids,/workspace/jaseci_external_tools/littlex5/oracle_plans/littlex5/load_feed/sim_user_56_limit0_trial3.uuids.topology.json,,,,,,,,,,
oracle,load_feed,0,4,10677.97186318785,sim_user_56,,,30,,,,,,,,,756.047,848.960,1262.918,,,7325.131,100.0,30401,0,4,0,,/workspace/jaseci_external_tools/littlex5/oracle_plans/littlex5/load_feed/sim_user_56_limit0_trial4.uuids,/workspace/jaseci_external_tools/littlex5/oracle_plans/littlex5/load_feed/sim_user_56_limit0_trial4.uuids.topology.json,,,,,,,,,,
oracle,load_feed,0,5,10991.31657090038,sim_user_56,,,30,,,,,,,,,777.607,873.219,1265.396,,,7575.622,100.0,30401,0,4,0,,/workspace/jaseci_external_tools/littlex5/oracle_plans/littlex5/load_feed/sim_user_56_limit0_trial5.uuids,/workspace/jaseci_external_tools/littlex5/oracle_plans/littlex5/load_feed/sim_user_56_limit0_trial5.uuids.topology.json,,,,,,,,,,
oracle,load_feed,0,6,10770.10268997401,sim_user_56,,,30,,,,,,,,,748.037,839.096,1245.285,,,7470.278,100.0,30401,0,4,0,,/workspace/jaseci_external_tools/littlex5/oracle_plans/littlex5/load_feed/sim_user_56_limit0_trial6.uuids,/workspace/jaseci_external_tools/littlex5/oracle_plans/littlex5/load_feed/sim_user_56_limit0_trial6.uuids.topology.json,,,,,,,,,,
oracle,load_feed,0,7,10166.95618443191,sim_user_56,,,30,,,,,,,,,834.811,936.331,1211.919,,,6842.093,100.0,30401,0,4,0,,/workspace/jaseci_external_tools/littlex5/oracle_plans/littlex5/load_feed/sim_user_56_limit0_trial7.uuids,/workspace/jaseci_external_tools/littlex5/oracle_plans/littlex5/load_feed/sim_user_56_limit0_trial7.uuids.topology.json,,,,,,,,,,
oracle,load_feed,0,8,11242.586102336645,sim_user_56,,,30,,,,,,,,,784.656,887.427,1252.705,,,7842.248,100.0,30401,0,4,0,,/workspace/jaseci_external_tools/littlex5/oracle_plans/littlex5/load_feed/sim_user_56_limit0_trial8.uuids,/workspace/jaseci_external_tools/littlex5/oracle_plans/littlex5/load_feed/sim_user_56_limit0_trial8.uuids.topology.json,,,,,,,,,,
oracle,load_feed,0,9,10439.715224318206,sim_user_56,,,30,,,,,,,,,765.184,858.518,1257.047,,,7135.158,100.0,30401,0,4,0,,/workspace/jaseci_external_tools/littlex5/oracle_plans/littlex5/load_feed/sim_user_56_limit0_trial9.uuids,/workspace/jaseci_external_tools/littlex5/oracle_plans/littlex5/load_feed/sim_user_56_limit0_trial9.uuids.topology.json,,,,,,,,,,
oracle,load_feed,0,10,11165.282564237714,sim_user_56,,,30,,,,,,,,,864.768,964.640,1276.694,,,7541.504,100.0,30401,0,4,0,,/workspace/jaseci_external_tools/littlex5/oracle_plans/littlex5/load_feed/sim_user_56_limit0_trial10.uuids,/workspace/jaseci_external_tools/littlex5/oracle_plans/littlex5/load_feed/sim_user_56_limit0_trial10.uuids.topology.json,,,,,,,,,,
oracle,load_feed,0,11,10934.996362775564,sim_user_56,,,30,,,,,,,,,744.358,833.819,1243.343,,,7547.820,100.0,30401,0,4,0,,/workspace/jaseci_external_tools/littlex5/oracle_plans/littlex5/load_feed/sim_user_56_limit0_trial11.uuids,/workspace/jaseci_external_tools/littlex5/oracle_plans/littlex5/load_feed/sim_user_56_limit0_trial11.uuids.topology.json,,,,,,,,,,
oracle,load_feed,0,12,10698.859582655132,sim_user_56,,,30,,,,,,,,,776.118,870.427,1234.357,,,7346.974,100.0,30401,0,4,0,,/workspace/jaseci_external_tools/littlex5/oracle_plans/littlex5/load_feed/sim_user_56_limit0_trial12.uuids,/workspace/jaseci_external_tools/littlex5/oracle_plans/littlex5/load_feed/sim_user_56_limit0_trial12.uuids.topology.json,,,,,,,,,,
oracle,load_feed,0,13,10308.529141359031,sim_user_56,,,30,,,,,,,,,721.415,809.746,1212.268,,,7077.584,100.0,30401,0,4,0,,/workspace/jaseci_external_tools/littlex5/oracle_plans/littlex5/load_feed/sim_user_56_limit0_trial13.uuids,/workspace/jaseci_external_tools/littlex5/oracle_plans/littlex5/load_feed/sim_user_56_limit0_trial13.uuids.topology.json,,,,,,,,,,
oracle,load_feed,0,14,11033.450095914304,sim_user_56,,,30,,,,,,,,,769.582,860.005,1245.572,,,7644.828,100.0,30401,0,4,0,,/workspace/jaseci_external_tools/littlex5/oracle_plans/littlex5/load_feed/sim_user_56_limit0_trial14.uuids,/workspace/jaseci_external_tools/littlex5/oracle_plans/littlex5/load_feed/sim_user_56_limit0_trial14.uuids.topology.json,,,,,,,,,,
oracle,load_feed,0,15,11172.402959316969,sim_user_56,,,30,,,,,,,,,763.047,854.125,1264.781,,,7756.551,100.0,30401,0,4,0,,/workspace/jaseci_external_tools/littlex5/oracle_plans/littlex5/load_feed/sim_user_56_limit0_trial15.uuids,/workspace/jaseci_external_tools/littlex5/oracle_plans/littlex5/load_feed/sim_user_56_limit0_trial15.uuids.topology.json,,,,,,,,,,
oracle,load_feed,0,16,10732.05720167607,sim_user_56,,,30,,,,,,,,,757.274,849.503,1256.647,,,7362.218,100.0,30401,0,4,0,,/workspace/jaseci_external_tools/littlex5/oracle_plans/littlex5/load_feed/sim_user_56_limit0_trial16.uuids,/workspace/jaseci_external_tools/littlex5/oracle_plans/littlex5/load_feed/sim_user_56_limit0_trial16.uuids.topology.json,,,,,,,,,,
oracle,load_feed,0,17,10437.905743718147,sim_user_56,,,30,,,,,,,,,848.757,949.157,1303.661,,,6989.417,100.0,30401,0,4,0,,/workspace/jaseci_external_tools/littlex5/oracle_plans/littlex5/load_feed/sim_user_56_limit0_trial17.uuids,/workspace/jaseci_external_tools/littlex5/oracle_plans/littlex5/load_feed/sim_user_56_limit0_trial17.uuids.topology.json,,,,,,,,,,
oracle,load_feed,0,18,10198.075262829661,sim_user_56,,,30,,,,,,,,,724.615,811.987,1207.167,,,6984.992,100.0,30401,0,4,0,,/workspace/jaseci_external_tools/littlex5/oracle_plans/littlex5/load_feed/sim_user_56_limit0_trial18.uuids,/workspace/jaseci_external_tools/littlex5/oracle_plans/littlex5/load_feed/sim_user_56_limit0_trial18.uuids.topology.json,,,,,,,,,,
oracle,load_feed,0,19,10493.191258050501,sim_user_56,,,30,,,,,,,,,723.437,810.722,1201.321,,,7226.244,100.0,30401,0,4,0,,/workspace/jaseci_external_tools/littlex5/oracle_plans/littlex5/load_feed/sim_user_56_limit0_trial19.uuids,/workspace/jaseci_external_tools/littlex5/oracle_plans/littlex5/load_feed/sim_user_56_limit0_trial19.uuids.topology.json,,,,,,,,,,
oracle,load_feed,0,20,11109.067785553634,sim_user_56,,,30,,,,,,,,,739.685,844.921,1238.093,,,7698.954,100.0,30401,0,4,0,,/workspace/jaseci_external_tools/littlex5/oracle_plans/littlex5/load_feed/sim_user_56_limit0_trial20.uuids,/workspace/jaseci_external_tools/littlex5/oracle_plans/littlex5/load_feed/sim_user_56_limit0_trial20.uuids.topology.json,,,,,,,,,,
oracle,load_feed,0,21,10689.690045081079,sim_user_56,,,30,,,,,,,,,811.846,909.957,1321.477,,,7269.164,100.0,30401,0,4,0,,/workspace/jaseci_external_tools/littlex5/oracle_plans/littlex5/load_feed/sim_user_56_limit0_trial21.uuids,/workspace/jaseci_external_tools/littlex5/oracle_plans/littlex5/load_feed/sim_user_56_limit0_trial21.uuids.topology.json,,,,,,,,,,
oracle,load_feed,0,22,10728.178947232664,sim_user_56,,,30,,,,,,,,,854.346,956.430,1341.422,,,7250.255,100.0,30401,0,4,0,,/workspace/jaseci_external_tools/littlex5/oracle_plans/littlex5/load_feed/sim_user_56_limit0_trial22.uuids,/workspace/jaseci_external_tools/littlex5/oracle_plans/littlex5/load_feed/sim_user_56_limit0_trial22.uuids.topology.json,,,,,,,,,,
oracle,load_feed,0,23,11393.97406205535,sim_user_56,,,30,,,,,,,,,799.445,894.496,1284.523,,,7861.077,100.0,30401,0,4,0,,/workspace/jaseci_external_tools/littlex5/oracle_plans/littlex5/load_feed/sim_user_56_limit0_trial23.uuids,/workspace/jaseci_external_tools/littlex5/oracle_plans/littlex5/load_feed/sim_user_56_limit0_trial23.uuids.topology.json,,,,,,,,,,
oracle,load_feed,0,24,10524.154856801033,sim_user_56,,,30,,,,,,,,,719.097,803.768,1273.637,,,7246.624,100.0,30401,0,4,0,,/workspace/jaseci_external_tools/littlex5/oracle_plans/littlex5/load_feed/sim_user_56_limit0_trial24.uuids,/workspace/jaseci_external_tools/littlex5/oracle_plans/littlex5/load_feed/sim_user_56_limit0_trial24.uuids.topology.json,,,,,,,,,,
oracle,load_feed,0,25,10865.320592187345,sim_user_56,,,30,,,,,,,,,759.025,851.096,1241.360,,,7479.922,100.0,30401,0,4,0,,/workspace/jaseci_external_tools/littlex5/oracle_plans/littlex5/load_feed/sim_user_56_limit0_trial25.uuids,/workspace/jaseci_external_tools/littlex5/oracle_plans/littlex5/load_feed/sim_user_56_limit0_trial25.uuids.topology.json,,,,,,,,,,
oracle,load_feed,0,26,10439.968281425536,sim_user_56,,,30,,,,,,,,,702.703,788.273,1196.516,,,7232.550,100.0,30401,0,4,0,,/workspace/jaseci_external_tools/littlex5/oracle_plans/littlex5/load_feed/sim_user_56_limit0_trial26.uuids,/workspace/jaseci_external_tools/littlex5/oracle_plans/littlex5/load_feed/sim_user_56_limit0_trial26.uuids.topology.json,,,,,,,,,,
oracle,load_feed,0,27,10571.47553563118,sim_user_56,,,30,,,,,,,,,732.214,820.652,1219.080,,,7271.784,100.0,30401,0,4,0,,/workspace/jaseci_external_tools/littlex5/oracle_plans/littlex5/load_feed/sim_user_56_limit0_trial27.uuids,/workspace/jaseci_external_tools/littlex5/oracle_plans/littlex5/load_feed/sim_user_56_limit0_trial27.uuids.topology.json,,,,,,,,,,
oracle,load_feed,0,28,10766.735116951168,sim_user_56,,,30,,,,,,,,,746.183,837.724,1235.694,,,7418.875,100.0,30401,0,4,0,,/workspace/jaseci_external_tools/littlex5/oracle_plans/littlex5/load_feed/sim_user_56_limit0_trial28.uuids,/workspace/jaseci_external_tools/littlex5/oracle_plans/littlex5/load_feed/sim_user_56_limit0_trial28.uuids.topology.json,,,,,,,,,,
oracle,load_feed,0,29,11092.718456871808,sim_user_56,,,30,,,,,,,,,777.933,872.957,1249.476,,,7665.544,100.0,30401,0,4,0,,/workspace/jaseci_external_tools/littlex5/oracle_plans/littlex5/load_feed/sim_user_56_limit0_trial29.uuids,/workspace/jaseci_external_tools/littlex5/oracle_plans/littlex5/load_feed/sim_user_56_limit0_trial29.uuids.topology.json,,,,,,,,,,
oracle,load_feed,0,30,10895.549047738314,sim_user_56,,,30,,,,,,,,,787.744,888.164,1253.979,,,7565.494,100.0,30401,0,4,0,,/workspace/jaseci_external_tools/littlex5/oracle_plans/littlex5/load_feed/sim_user_56_limit0_trial30.uuids,/workspace/jaseci_external_tools/littlex5/oracle_plans/littlex5/load_feed/sim_user_56_limit0_trial30.uuids.topology.json,,,,,,,,,,
