id,tier,type
00000000-0000-0000-0000-000000000000,L3,Root
00000000-0000-0000-0000-000000000000,L3,Root
d7c62788-0f45-47de-a255-331d1384ee20,L3,Root
d7c62788-0f45-47de-a255-331d1384ee20,L3,Root
6d80151e-aef8-4e41-9dc5-37b030199506,L3,Item
14895c8c-34d7-40c1-adc9-a5f00c7a4c1e,L3,Item
2fb18f62-e4bf-4df2-9703-057d35641ced,L1,Item
5a7604ef-aa57-4653-b340-14cfbb90474f,L1,Item
222b0198-b3f9-4e1f-978d-af57366e1c2b,L1,Item
8d0c0afb-d715-40c6-947f-6ccfc30f36e5,L1,Item
a5315385-b7cd-4278-84a1-0304a52b2d79,L1,Item
ea3a155b-a2a5-4134-94f2-b546f70972ca,L1,Item
0a1ec971-80f0-44a5-9a1f-81940dd74e13,L1,Item
cab11df3-7c32-49a5-aabb-a87a2728bcb2,L1,Item
dedc58f6-1fd0-412f-8be0-9ca6afe4d14e,L1,Item
1344763d-e33b-42b4-bb0e-446533fa74b9,L1,Item
7872a638-1f52-47a5-8d3b-f58b3755df90,L1,Item
7927b9c1-16ab-4441-8ab4-5986131f609e,L1,Item
db75b53c-c19c-403e-ab80-68acb127cfd7,L1,Item
f3528c0f-79f8-4653-9352-2e9a48ceb940,L1,Item
e022b148-968a-4673-8de8-3981c43eda1f,L1,Item
22d4079d-92cf-473a-a6a7-65977156b096,L1,Item
cf4fb091-465f-42a1-a0b0-ca54b69ea570,L1,Item
f6d03a85-09dc-45af-abb4-536d4bebe7ca,L1,Item
d1f2a839-71b2-4d89-82f3-9b37e2d275e6,L1,Item
7c046bdc-ea6a-40fe-9c14-d425b7e706d9,L1,Item
38856160-dab8-4ddd-bd23-781a18de8c11,L1,Item
0a9d02f2-5897-47dd-8d3a-f3211e4fffb1,L1,Item
83f2faf3-80f2-447f-be44-cfe2686905bd,L1,Item
12cfbe64-f636-4fca-8bb2-0f6f0fb5ac14,L1,Item
392e03b8-81d9-47c1-997b-dfbe9a4ff8cc,L1,Item
733ed897-f299-4a50-b662-63589ef0aae6,L1,Item
a7978569-d9a9-4ee7-be21-3d05faf11cdd,L1,Item
74143b55-2199-4aa2-ab6a-592691ee8eb9,L1,Item
9ad961bb-d4e2-4851-9108-e0ad2b041c56,L1,Item
41708b66-4e7d-4d73-9303-6cde4cae8226,L1,Item
9c77da82-6269-4412-85b5-6330ec96acb8,L1,Item
93b40a91-890a-4a73-955b-99d70bfb09ba,L1,Item
fbea2170-67eb-45c2-ba9c-e0ad9f034c41,L1,Item
f33e21b8-81c1-49b7-b406-aa4a497ef290,L1,Item
73304da5-f983-42ff-a998-e590a054beea,L1,Item
a039d229-c824-48ee-926b-5bbf5fb140f8,L1,Item
eb248c04-40e2-4d23-a60c-43745d3c9170,L1,Item
4f726709-e75b-4725-961e-475a67b6d2e5,L1,Item
c442d64a-92e5-4e83-9608-fda5948a1859,L1,Item
0f2cbdb8-544b-4be4-8f26-5a218f27a645,L1,Item
7ace8096-35d0-4f1c-86b4-96cc03dc131f,L1,Item
0feb35b5-46a7-49ab-85ed-931ffa1d896a,L1,Item
94a39df2-2352-4953-a060-33e6178b72d7,L1,Item
ca20e71b-3783-465a-a5ce-e553c23cc8e3,L1,Item
21c4cdd8-1392-4e0b-9663-234639d04fb7,L1,Item
cae5d142-8eaf-41de-8ff3-ff719bb08c60,L1,Item
6e2b60eb-cd70-47d8-88da-a0449dfd8580,L1,Item
9138d31b-2b1d-421f-825a-7c3baae8a3dd,L1,Item
bfeae4a0-fd19-4f99-be4e-9c3615f48a05,L1,Item
2be7daa0-e3d8-4fcb-bb8d-9f7b771e6191,L1,Item
e19d564f-0a58-4ac7-bcba-5fbb4dd444dc,L1,Item
05cd1103-a5cc-4274-9ba6-9a7393241b85,L1,Item
78f4ba46-0127-46bf-9aee-2f335a500961,L1,Item
fda84c83-ef02-4e43-bd18-455229866b60,L1,Item
a1bed953-68c9-4d91-85bf-affca3a5cef7,L1,Item
3c20a58d-d0ab-4bf4-8ecd-e2992c59f3c6,L1,Item
63a91e5d-c568-48e7-be7c-5df9bc21a4bf,L1,Item
4f7012dc-e029-4817-9635-11596ac66d80,L1,Item
740550b5-ab02-410d-8cc5-ddfa0d2c103b,L1,Item
2078159c-426a-4205-bd79-3e8a1ff43280,L1,Item
f65da989-cc2a-4b2d-8c24-b6a94ba829ad,L1,Item
d9f6d588-a24d-4a7a-b8c7-28cdd2bbd454,L1,Item
c35b7958-720d-4649-ad79-ef64e8e594c1,L1,Item
46a2a3ea-a655-479b-bb43-79e296fa5e4e,L1,Item
250a42f6-6e81-40c7-9d3c-9302d8dc6a4c,L1,Item
fbacd87b-88eb-4728-95b5-17d81f7d3e1b,L1,Item
b43e1415-bf24-43bb-94f6-a1d8b83cc4ef,L1,Item
41d769c9-b697-4255-812f-116d73349508,L1,Item
17512475-0995-4b2a-8aa6-48e9c37eeae8,L1,Item
bb6f5b6c-e1b0-4d00-b415-3ec4f41f173f,L1,Item
44435163-44d5-4c9c-90c0-7f0b99621b14,L1,Item
a3c038a8-f242-43f7-a521-6709bfcda672,L1,Item
bf487207-b598-4fa9-8ab1-6892c282c4f9,L1,Item
32844cec-7981-4e35-b11d-be20389c7506,L1,Item
57145f87-10bb-446b-8025-a2475b4ea951,L1,Item
b19c6807-e0d6-4e26-889e-45bfd5f7cbb7,L1,Item
b1243452-d2f4-4ec3-9d0e-f6459645890f,L1,Item
8b5983b9-82d3-4301-b24d-e0561becab46,L1,Item
70e8fa32-d16b-4d50-9867-9c8926226002,L1,Item
50bd76d9-edfc-4d73-bc4d-e2fc72608cb6,L1,Item
515c06c2-6490-4ae0-82e6-6e793518224e,L1,Item
4acba2e5-9f57-4642-ad2d-f511906fcb41,L1,Item
21f0cdce-ddf8-42b1-bb66-c225c03acc22,L1,Item
a6372fb7-e906-4e14-ba10-3c746785d6f2,L1,Item
d54d5669-f5ee-40d5-b8e6-ce91356e9d67,L1,Item
873af2f6-2264-4b68-8664-3feb5d1bb3ff,L1,Item
15a24ee3-c768-43c2-a2a5-0f7569622dcf,L1,Item
20577590-930e-4842-8f5c-815cdf5de517,L1,Item
afb7676d-accc-4001-97b9-2b642a5ab5e3,L1,Item
8a5cf4ff-00c9-47e0-8500-331d1cb156a0,L1,Item
ac207121-8ac4-4713-b2d9-8e3441cd9a5b,L1,Item
b39e4d1e-44c4-47a0-8161-7eae40e22966,L1,Item
4d506dde-731f-40a8-b57c-16167b692fa1,L1,Item
93fba648-7b81-4497-99a4-6cc872baa45b,L1,Item
05684175-0faf-4cdf-97fc-5447150bb15f,L1,Item
cc703c3e-6823-475d-9445-1ca482527edb,L1,Item
63bde5a3-dded-4b0b-8fc8-7f028b8a895f,L1,Item
fc914cba-017e-4c8a-b3a5-fc42e417d8a7,L1,Item
5331571c-2bad-44b4-b001-3c57c11bbf50,L1,Item
8516184e-af06-431a-bb46-1d20b6716a2f,L1,Item
1182a5cc-361e-4d5f-a2aa-bc1a6c3da3bc,L1,Item
44f316a7-37f9-41be-8887-4db12725ec63,L1,Item
198c0f6d-6279-4715-997d-1ad133ff8835,L1,Item
c2729171-00f2-47c8-9fac-71fbd436b216,L1,Item
720f4b2a-33bc-402c-a79a-e67b88bd8893,L1,Item
1285ac70-07f9-40dc-b4ce-ac27dd983019,L1,Item
3107bcc3-68e3-4b8e-91d2-7a52e6bb7411,L1,Item
ca9e8495-217c-4e18-9faa-80fa0dbfa31a,L1,Item
3154f983-2de0-4102-bfb3-ceb3e4449df9,L1,Item
3ef8662c-1912-42d4-b648-85f0b4401c0c,L1,Item
d913adad-bfa5-44e6-bc20-2c182c1f6626,L1,Item
820ce958-1c16-47fc-9998-1dd25ed17c2c,L1,Item
0d3f8664-79ce-4b36-84f9-cc0337783bfc,L1,Item
652635da-cef7-4f72-b744-d6f381c4009f,L1,Item
7b49a02d-279f-44b4-b2ae-c76985baaaa5,L1,Item
36bc83a7-09d7-4d3e-ab11-c946be4b044c,L1,Item
b1b7ff63-7881-4141-98f6-b0c41f7cea27,L1,Item
bf767250-a305-4ec4-add9-c6e30bc866d1,L1,Item
6fa87bdb-ab81-42ce-9c15-ce1d532f4139,L1,Item
80ad268c-07ec-4a7c-bca5-73ca7110e4e1,L1,Item
4b930e85-d2a6-491f-a5da-695ea541e696,L1,Item
e0794427-36c1-41d9-b327-758ab9e01842,L1,Item
2676bb24-31f5-4020-843b-e6a3a3cfe76d,L1,Item
bcb75e07-a926-4065-b4ee-b1c526ef9050,L1,Item
4fcc20f2-4e9e-4d04-9acc-8b9a586f8435,L1,Item
2a325dae-79de-43c6-80f3-175621c10b8b,L1,Item
954eecba-8e89-4145-9f9f-1ca7e06ce9e2,L1,Item
5f3c8d9a-dbc4-4797-8f36-ef81506e4ac1,L1,Item
d54cb317-6ab0-4dcd-a9e5-863699129ba1,L1,Item
f610c8ed-0273-4510-8ded-5dfab14a05a3,L1,Item
b7dbe3a2-7018-40e1-9403-8948bc9d0259,L1,Item
45eb0bd7-2858-48ae-9e18-2365b755e73c,L1,Item
b49a91d8-e7a2-4e4c-9e3b-80017bbb8089,L1,Item
162c9532-5bf8-4ed5-986a-6e9bf88dcf6b,L1,Item
2a52705b-4790-4526-8a8d-6fb290905836,L1,Item
257ea915-a888-47da-a793-b0e649edc5e2,L1,Item
1168aae8-42c5-45a1-83f0-acb5644f7872,L1,Item
f969dcc7-5915-41f6-9bd1-d491cd75c746,L1,Item
8862f6e9-13c1-4a2e-8586-8dd4877c8e51,L1,Item
61b281fc-f45a-4500-a3f7-221e23b72b19,L1,Item
3678abd1-8126-4f07-bece-6c2bdad7cc76,L1,Item
47a8d5bf-30d1-4f9a-9925-a207d25a7d0b,L1,Item
d2254218-c869-4602-9af3-49c4ab682008,L1,Item
e4d82147-8910-40a8-82a6-03ef5d712e4b,L1,Item
7e337e5e-7170-430d-87bb-ded7c5181c59,L1,Item
332fb651-12c4-46db-9214-94614e96de60,L1,Item
10282846-5eb0-471f-b2be-c60a0c352242,L1,Item
a3fe28dd-b472-429b-8ba7-4ee2c80baa5c,L1,Item
aa657699-e24d-4211-80df-54e087eb84ed,L1,Item
1c0dd714-1a7d-460e-88d3-adf0fb5a7216,L1,Item
48b6ca2a-5239-4c49-abaa-ab6235faffd4,L1,Item
f48eb783-2335-4bbf-8d8c-10e1b9ceab1b,L1,Item
e08fa28d-1c52-4c23-8fff-52d5dd13b0e7,L1,Item
fa604cc3-a47e-4dfa-929e-84ed667c6f28,L1,Item
9c86ef4a-c24a-467c-a00a-cac17dad8967,L1,Item
67ec6b45-5866-495e-bc9b-0633ddb76206,L1,Item
7bca2179-9e69-409d-9513-c5d27c90d169,L1,Item
453900ac-785d-48a1-bbaa-e6da650d825c,L1,Item
2bb99b5e-baad-4870-b13a-6aaa91748310,L1,Item
dd7ee30a-6288-4b3a-a97a-abf865e51a29,L1,Item
019aae2f-c18b-4f49-b06b-652704258671,L1,Item
41ec465e-8b0a-4560-98c4-8d104e825797,L1,Item
462d0b1f-9494-48c0-82b2-6e1dabe16f7f,L1,Item
558d6bde-7e06-4397-b94b-c88580bba12a,L1,Item
7b7942e9-3024-46fd-8646-387b0a9abe08,L1,Item
80324efd-374a-4c30-9df8-9f320c339adc,L1,Item
3cfc5a07-a1fd-4bea-8a70-9c2964fe8a22,L1,Item
272955ac-4408-4037-a1d7-6967c339d6ba,L1,Item
0e83528a-726d-455e-95c2-79196313efee,L1,Item
dffd58c2-0953-4279-b43a-1b3dc447a8a5,L1,Item
39b36a52-e1d3-4261-8ce0-52020b770429,L1,Item
e0763d82-1131-45d5-b6fb-d0e973d57459,L1,Item
247714ec-3fa8-4222-9c86-ea1d3d0ecdac,L1,Item
1e105887-6661-44b1-a774-281ba3fe984d,L1,Item
a5e0de6e-083a-4cd8-8637-44728901c752,L1,Item
7d7b6818-18ee-4ef7-a7c4-97da2b708a65,L1,Item
4a1bf23e-5f59-4581-b235-aa47be93f07d,L1,Item
d8f54bbb-640f-460d-bf86-6ffcab9d43b9,L1,Item
8d705fe5-1a81-4e13-96cf-66a060303197,L1,Item
1d1d0dcd-e8e3-4f40-b545-4e2f799011f9,L1,Item
b66b2309-0655-44a7-bd5b-3cd3a6474fcf,L1,Item
667c5436-1c85-4aca-b618-23ab5dc22b41,L1,Item
cf98343d-552a-4bbb-97ba-767f945d956c,L1,Item
40f8ae01-39c7-47e3-9489-f21cb4f6a70d,L1,Item
78c55d4c-d3ce-4895-aa51-ca15b78b7ea0,L1,Item
111b1bb3-9b84-4f9c-8e02-7767332d6478,L1,Item
b5d2a3ce-165b-43d1-9d19-3473e91faba9,L1,Item
4a308b1a-8f71-48ef-a417-646843e8cd6e,L1,Item
9d9c0403-0334-4840-9e4e-6c3489c5c96e,L1,Item
87f45a00-c3c6-41c0-b5e5-bbb92072cc23,L1,Item
d7ce43fb-3939-44b0-8575-a851c4360648,L1,Item
dd3cec43-171e-455c-a16e-9ebfcda76480,L1,Item
a5f0be04-96a8-4c9f-90af-098809963a59,L1,Item
cb24c26a-a6a9-465b-80c5-ac3dde1eb82e,L1,Item
31b2dbb7-efc3-4e23-8100-67084acf7ffc,L1,Item
b0ba1d08-4679-489c-bf4e-f93a27df849b,L1,Item
51232874-cf4d-4245-ba87-93723750062f,L1,Item
92edc83a-97f7-4d44-99b1-1caa3c37c60c,L1,Item
9447cc0b-00dc-4123-bd5f-c491e21d52da,L1,Item
475e530a-1f8f-4488-a1dd-3001cf9f431a,L1,Item
14654f82-065b-42ad-b61e-ce94ecbde1b3,L1,Item
f2fffa1d-70e6-4f9c-bd36-39f6efd554c4,L1,Item
144d0c75-1275-4444-a610-adfc3d6fda79,L1,Item
9cf91d8b-34d8-461f-953e-2186403ca58a,L1,Item
d9226e89-826f-4c61-a6ff-b891881625eb,L1,Item
d8fa9b8f-fad1-4a19-8600-7661950a1528,L1,Item
27b56e3b-bf5f-401a-9e30-a8616afead75,L1,Item
a9ef3c32-f270-4477-a2c9-85292271240f,L1,Item
dbb9fd14-bda7-409d-afc5-a87d78467f99,L1,Item
f1339a9d-4b33-4809-9e8f-8af4c876a239,L1,Item
0c264c59-4ae0-452b-9eef-c904469f3cf6,L1,Item
b573f9c9-84ad-4a3d-9c52-8d2d70933304,L1,Item
47b33389-72b0-4d4e-a459-d6072b94edb7,L1,Item
b1f29810-5afe-4dbb-91f4-78f048125a02,L1,Item
1e9737b5-e22f-4ece-b67e-1f1896223ceb,L1,Item
7fb1749a-f62e-405e-bf1f-0d9faa7b9a2b,L1,Item
62fde4fa-3a72-43b1-aab6-ec7a87205516,L1,Item
47f4efed-6e2f-47fc-b2ec-d29bb0acdf55,L1,Item
aa67059c-9f65-46af-b8c7-e6d467e4e25a,L1,Item
e9ec81b3-e987-4500-bc16-eff401f5b7b9,L1,Item
e15cf7b4-a309-4e25-ad0a-89e33403f0df,L1,Item
0e594fd5-47d3-442d-9c5f-030774cae9df,L1,Item
a8be7fd2-503e-406c-b014-474cd681666c,L1,Item
9329189b-0296-4112-b6f3-fa8c993b99f9,L1,Item
b2927668-4a12-435d-a6b2-6954d829bf1b,L1,Item
8f0e26a9-47e9-45e9-889e-607e3147cdcf,L1,Item
f0f83b26-75b9-40b7-bbf6-4e3289101036,L1,Item
e7e6c041-668c-4b73-b260-c808f5c503cf,L1,Item
b1552727-fb49-490e-9c73-eec9ef955574,L1,Item
06260d19-5876-4a6d-aa1e-a8602ada55cd,L1,Item
ef36b6b5-6989-4810-ae43-63d3e539b231,L1,Item
0b457602-8798-4f0e-b37f-53a7d661b97e,L1,Item
7178982e-7991-4a2d-b70d-3c29cd7ba73f,L1,Item
2dc61072-2eb3-45d4-9d3e-1a6206a3770b,L1,Item
9000ce49-76db-4146-83cd-c40ad88e3e6f,L1,Item
8ec318d4-f49e-4322-a842-3b7c1c0e39e7,L1,Item
29a2d6e9-2f70-44cf-af6a-539e33909933,L1,Item
4dc7253c-ab83-489d-9ccb-2a746fe27cb6,L1,Item
d5877c9b-287b-45f4-99a9-b9cf7fdd71c7,L1,Item
d2101220-cf20-4085-9f9e-008fab01d9b0,L1,Item
d274a34b-caf7-4a16-8047-553e005b12e9,L1,Item
924f94eb-acfa-4654-9638-58b75ab5627a,L1,Item
844e0f28-039c-4cbb-9b14-a8f632f21d80,L1,Item
60478d3b-0298-4fcf-8c57-157ea81247e1,L1,Item
49f91506-5379-4a99-a155-df99fe5eaa38,L1,Item
059d51ba-73ec-4738-a0ee-6441cf18b089,L1,Item
92f5d1e9-5f1b-40b1-a877-e1dec4b4a83d,L1,Item
c945f9c8-08e9-4f13-aa5c-268c10f99d07,L1,Item
61a90bf7-6d16-4bb8-8379-1aaef427fb19,L1,Item
8df1362a-374f-483e-b531-06a4cb6e4a09,L1,Item
93b6918c-7c4f-49c3-9eb8-bb3ab0718b61,L1,Item
7899dc63-4998-4570-b677-6d0e772019da,L1,Item
356c1b53-a03d-4401-8028-2801cb1cc658,L1,Item
926c7cc1-420f-454a-b5c0-652680c27cef,L1,Item
4335b0ba-a2e9-49e3-a7ad-3355227c3335,L1,Item
e0cfde6c-7e33-4e88-9309-bcda616d9f68,L1,Item
96972728-7dc9-42b8-897b-d596e1b7ed2d,L1,Item
4e0399f3-4876-4de4-94c2-3c0340db4b2a,L1,Item
abae9733-28aa-4d90-a939-7ceb9d7d2c91,L1,Item
27a0b313-f636-4bda-b715-a9300b0d3a4b,L1,Item
d4b11b92-4241-430e-8e10-55284a602617,L1,Item
cb56c90a-da00-43a7-9c30-97cd30fe5946,L1,Item
332530e7-87f2-41b4-bd73-0d202efbac12,L1,Item
078bc890-0d01-4e75-9852-9e69a251c87a,L1,Item
99bc89df-5a60-4d54-9d25-a6aef836200a,L1,Item
df199663-f31c-4773-9fa2-cc4476f6fbaf,L1,Item
927d5f53-856b-4225-97a8-e8e4f8d29f2f,L1,Item
980ee031-d4cc-4c3b-8e34-e398487e8028,L1,Item
242a95a1-93a1-4fa5-8d92-49d717c39661,L1,Item
88a27ac1-a53b-4f70-8c8f-e14a2a75d0f2,L1,Item
3747d49c-4e45-4c6c-9409-f5643d7dc5b4,L1,Item
a971bf61-fec8-47be-b1e0-8af28fb9f58d,L1,Item
9bb098d6-4de5-4ab1-ac74-b8bb11c23b3f,L1,Item
fc19ff50-6535-43c9-97f5-aaaea30626f9,L1,Item
aeeb66a0-6582-4f97-9774-7fb1b434b20c,L1,Item
7bf0ce9f-1875-46a1-a557-b7d668bf03ce,L1,Item
eb313117-5c67-48cb-b46a-db344b895b4b,L1,Item
7fe306e7-e5d9-41f3-a87d-8c042861e9bd,L1,Item
6fdf6953-3710-4208-abb7-16560bcb685f,L1,Item
c33882ec-8a7e-4432-bc2a-f9f0ca7dc04e,L1,Item
5af494f4-2ee1-4bf7-b66a-a7cb5460a42c,L1,Item
038ea467-5a82-45dc-935e-0d93aa978af0,L1,Item
975cd937-3d2f-4ac0-b67b-4346aa4e7720,L1,Item
eb948986-30f2-435d-a979-ae38b1eff3a6,L1,Item
76336a67-f583-43e8-bab0-087db4a3fac1,L1,Item
bef64f22-5f37-462d-8033-8f8d4508c68c,L1,Item
fe60d0f6-0ed0-4ad8-bd3b-ecdc9efa5031,L1,Item
d83cb13b-a948-485a-9563-33eb00d185e0,L1,Item
1ee7d4f1-4062-4da5-b04f-24392bf3a7bf,L1,Item
8a43c3e1-d27d-4e39-8fdd-51823dceb1b5,L1,Item
db5d9ddd-9747-4a64-ad50-242e7e5a6b90,L1,Item
02a6272b-60e4-4aa1-945a-c42fe1f8a397,L1,Item
dc62bec3-3a50-44c2-bd01-0e355947273b,L1,Item
e403f027-091f-448e-a607-d2116f61a96a,L1,Item
636e97a7-877b-4a7f-9ca5-9ca331ec935f,L1,Item
fe36d9aa-e33c-4ff0-bafa-4336402ec8e2,L1,Item
f20e5e9f-e657-447a-b2e0-04f51ff9af10,L1,Item
03ee0a16-2d21-4d89-8300-8b7ca2cd9d4c,L1,Item
fba9b5b2-affc-4efe-96b4-76c08b99e5a9,L1,Item
eecf3bbf-cccd-4e3c-8000-023db4540407,L1,Item
31ace71a-907d-47a4-a9dc-81d28a613971,L1,Item
5006bb78-b557-4e4f-8137-2e8ffd4a8764,L1,Item
3eaae5f9-3a6a-4404-abcf-62901fc6e9f8,L1,Item
70ba0ec8-8c90-4ba5-b7b0-31239bd7e66a,L1,Item
c5aae581-b57a-4bb3-b8c1-1a1586307e8e,L1,Item
1094743c-db6f-47ba-92ab-0217b188a0f4,L1,Item
279bf828-c58f-465a-a40e-d6e91f8acd9b,L1,Item
73839d50-9c68-4ec2-bcaa-58ff986736e4,L1,Item
c5554716-cbe4-4901-8240-874b7065f460,L1,Item
d242bc06-3799-4f2f-8337-17d3f744b3f1,L1,Item
16863cdc-d3d9-44f4-a744-b454d94c1409,L1,Item
4b4194f1-c449-41a4-8542-fb948c6cb684,L1,Item
687beac0-a14e-4c59-9d22-e70a4d3432f7,L1,Item
685e8159-14c1-4558-b7ba-1abbd2319a3d,L1,Item
a2f4f775-dda3-4d99-980f-1a4bae0ec90a,L1,Item
60272b43-92dc-4369-b71d-f4dba5406159,L1,Item
e8872c63-d0c4-4f2d-8370-4872c28bcb68,L1,Item
fe712d51-c837-4ff8-a56e-27edb2bfbb54,L1,Item
2dbf9e1e-f83f-42ee-8bd6-8c7255a653b7,L1,Item
a16d3bde-8ad4-46d2-a069-dea2ea0d447d,L1,Item
32c9da76-7a43-472b-b454-2d9731fccc15,L1,Item
3a1aea58-b00c-4435-9d7e-ec298699dc0d,L1,Item
4aeaada7-2ce4-4d7d-9b45-48fabc2ae409,L1,Item
b9a04504-430e-4b00-bd1a-2255d9532dd8,L1,Item
ec4c490b-a596-417d-a5fd-943e9236f02f,L1,Item
1a650186-b6b7-47ab-b457-25afe7fea597,L1,Item
c18343d3-8608-47c0-8bcb-7aa0cc3c5316,L1,Item
c6927b53-4a29-40c3-87c9-3310432c90fb,L1,Item
c90454d6-2795-499b-91a8-248b5d01ee81,L1,Item
2075513f-8dcb-48c5-ba19-ae9dd1cb8e8c,L1,Item
179bd98f-bd8e-4a95-bd65-0436a82062ec,L1,Item
9b42e8ae-8071-4e2e-960e-15477cb0d80e,L1,Item
65684e4f-1c7f-4030-af0a-be92a16045c0,L1,Item
d8efbe5c-60cf-449e-910e-99dd4637bc8a,L1,Item
0861f219-edec-417d-898e-b50c5db154a0,L1,Item
95755f25-2fd5-484e-8fc6-f8073bb82123,L1,Item
1cb79713-6c24-410c-a3b2-b3a90daa6ede,L1,Item
732837d2-1690-4391-a9ec-8894375e9284,L1,Item
9110cd1b-0302-4187-8d29-e03a2a1aa735,L1,Item
4ae4022a-1fb2-4874-966c-b94b61cf7cac,L1,Item
009b0358-c632-4e2e-8ee1-985b699962a2,L1,Item
64aaa269-4e53-4277-a9e8-3214fbcdfa00,L1,Item
8ee0db99-8282-4b8d-956a-263eccafe2d6,L1,Item
43d20d4a-fa56-422e-bed6-337f2c3f1034,L1,Item
6ad6740e-937f-4680-be51-b08a4cf07313,L1,Item
2856760d-380c-45a7-9432-e6c3c7af8b89,L1,Item
1deef6ab-c620-4afa-a3ce-85a433304f2b,L1,Item
2211715e-d388-45dc-9f71-569de8f69d2d,L1,Item
cf9094fd-809e-402c-933f-4a136920dae8,L1,Item
68a4a3d4-39bc-4f11-abd6-8a897369052f,L1,Item
f0a6a101-dad6-40d8-8b44-a49021468358,L1,Item
e4048f28-fc41-4381-adc5-5fd5cca87bec,L1,Item
6b8e35c5-23c8-484a-9825-53b6dcb3f98a,L1,Item
0ff474fa-439b-4b91-8413-0a097be9f216,L1,Item
a1e178e2-ce2f-4987-8082-020101521a08,L1,Item
97b9b574-663b-481b-a634-a9258ac2e7fe,L1,Item
90277fbe-ae76-42ee-b1d1-1b00f07152be,L1,Item
ec6b0216-6e8a-41e3-b746-371f223d1476,L1,Item
2d35e47a-043b-4892-8b25-97f432cd3b7a,L1,Item
19acfe17-0990-4df6-ad28-524d23120a20,L1,Item
692f473a-1773-44d1-8c60-82f2ef141631,L1,Item
59997144-6386-4281-8c9b-c22bc44a5d60,L1,Item
6ed8d965-6883-4ffa-b0c1-faa422715042,L1,Item
4fa3b7b7-4eeb-433d-b92f-428ddbed8bf6,L1,Item
d78e9afb-f890-4dfa-b5ad-50d596150994,L1,Item
e11d9c4b-43e0-4a0e-a8ba-411ecd01c622,L1,Item
de36e77e-fbec-4ff1-85fa-291fa143b0df,L1,Item
2c5c79fc-1090-4d6f-9653-8f65be6cfdd7,L1,Item
8a2f0833-5f8a-4dd7-a58e-2020411fafc3,L1,Item
e9031060-86e4-4d6c-97b3-b8c9bd881341,L1,Item
f7361492-474d-4e35-9601-8a04afaba8ee,L1,Item
2c0bc16d-1832-4587-9bda-5f043bd8f57f,L1,Item
e5da51af-4a74-4b48-94d9-691c5e6c0708,L1,Item
3065e512-9b1f-422e-a10b-81b67ca8651b,L1,Item
7a3df615-fcca-44af-b791-ba4cc892ff21,L1,Item
9b770efe-45fa-434d-899c-fb1549cd6584,L1,Item
579e2bee-f3fb-40f7-a6fa-b714753a00a2,L1,Item
5027e833-a447-4ab9-b24c-14d1db8557c2,L1,Item
c77cdbb8-5dc6-46cc-8b10-bb1cb5c097d2,L1,Item
141eb1e7-ae30-43b7-8a72-c24ff3937c66,L1,Item
083e8c27-ff01-430e-8b0e-8c76e29bd9a1,L1,Item
7c4178d6-e52a-4bcd-b5f0-9e81dd210439,L1,Item
2cacc919-4d33-48c9-af3f-cde5b21a9d26,L1,Item
b71b51cc-35f7-457c-8655-f1751e3c60fa,L1,Item
20dee5ab-e795-4bc2-8842-ce0543f85e52,L1,Item
ff6932fa-b71f-4924-88f0-492d68d77740,L1,Item
621009b7-ea4d-4992-b0a0-306c06e7b697,L1,Item
2dc4c243-52d8-4c79-9e23-337355b8c33e,L1,Item
de6f40d2-867c-4408-8cc9-3e76f0faadcf,L1,Item
899d9892-9a3f-4279-af55-aa3ea42cbc28,L1,Item
40a9e596-44f0-4ebc-98cb-20ac0e8c2727,L1,Item
f30e2ef0-3293-4704-870f-432657a10f8e,L1,Item
47bfbf89-fd17-4303-9749-f888bd570f08,L1,Item
59360ca7-5902-4ffd-8515-bc690f89aef4,L1,Item
6d4a8839-0069-40b9-856a-5e7951adde07,L1,Item
683f793d-157f-425f-8f6a-20cd2def46dd,L1,Item
863cd5c6-2cbf-4673-8f8b-5323daf7ccfb,L1,Item
ac9cb9f2-7439-4fbd-8206-2fff72b3b372,L1,Item
87dea172-2f3a-40ad-8bf4-047451faf68f,L1,Item
3b890c07-a1b1-4841-a68a-50dd16b52731,L1,Item
f713889f-1f74-4063-8730-1e4995cf5682,L1,Item
3fc41a11-e2c8-403b-a1a6-3ff473dad654,L1,Item
97eb06b6-7f85-48cb-9d04-d6450099ef30,L1,Item
3c2490b0-c734-4793-8018-45681171ad57,L1,Item
4f3453b0-99e2-4089-9853-f06aabd28006,L1,Item
4b6d6a8f-9a6f-4b3c-aa2a-28d5c366b760,L1,Item
55648a45-7830-49a2-a21f-e37cb506c02d,L1,Item
6c6de6d8-c1d9-4373-b77d-886f7b7f0c1a,L1,Item
80476db6-841c-47b8-a5a8-f55d804b3d98,L1,Item
880dc774-f78e-424f-a5d4-318fdde41dc9,L1,Item
650ab457-b05f-446e-b882-b5e24baf0261,L1,Item
183e56fd-fc61-467f-b5ed-6c0f5b444847,L1,Item
4dbd00f0-3100-4f9b-ba1e-08c27488c07c,L1,Item
08e54dde-6655-4047-a8ab-6bdfa24e51bc,L1,Item
8dcc092f-ddb3-4c14-9f57-2cf962856623,L1,Item
23112f84-1c9c-4549-b357-e7352d9efa64,L1,Item
b87e72d6-ca91-44d5-9167-31415bb56132,L1,Item
7dba3324-bb4d-439f-a963-fa3d41a11c39,L1,Item
cb96763f-e2a9-4d44-88ea-3c38462b3e34,L1,Item
83c62ade-4a57-4e1e-9de7-cb940d64616e,L1,Item
22423a0a-30d3-45ce-ab1a-fc77d6dedda0,L1,Item
9e14fbd4-e6d2-471e-b62d-20535cc8cd72,L1,Item
acab9b10-33e8-40c5-a6e2-1f99ef008310,L1,Item
535762f7-9172-4f30-bd52-ea0b599b0520,L1,Item
96e5c017-41c3-4c13-af6e-9e32ba0e9c60,L1,Item
0c7f1b6a-56da-4920-8f67-2fff3c7047ff,L1,Item
6c055132-cd67-43c6-86c5-58289bdb4a89,L1,Item
74f8ae73-9b54-4dea-bd3a-c60341ee2cbb,L1,Item
b9ccd400-2497-4116-aeb3-b423397ff735,L1,Item
8e503e10-868a-4d96-9f7e-5d3a678ef610,L1,Item
f923da8b-8402-4af4-b84d-0ef6face1b3d,L1,Item
9c5ab16e-6024-4f12-a135-32d0c9c4e162,L1,Item
4b37015e-4be1-4aa9-9c3b-3b1f31391718,L1,Item
1d0b3586-e0a5-453c-a821-433d0616c3f7,L1,Item
6e551a51-d568-4046-b03e-1198e0295362,L1,Item
ad95bc54-f6e5-40ba-91ff-c3345e6b4363,L1,Item
fed6ec0c-c2ea-40b2-917c-4db2f420f47b,L1,Item
cf62ea53-e709-4162-9969-efda13c3872b,L1,Item
6000e885-6087-4292-ada5-27605efb18c0,L1,Item
f8505b65-0d8d-4911-87dd-2ab4b8edb168,L1,Item
daa2ac92-188e-4fb3-874d-60ef939fb161,L1,Item
fb17cacf-819a-43d8-96ed-2bb07fc81ecd,L1,Item
276139c1-9339-423c-b266-307ccbeec01d,L1,Item
6752240a-4986-4ac1-ad8f-f6a3caf648d1,L1,Item
8406217b-14a8-49bd-adb8-21734155f676,L1,Item
d3689aa6-dc6f-4ae3-8fb0-63c6a0e485d7,L1,Item
02aefb08-933a-495d-81b5-37cd1cf7b268,L1,Item
daba4d59-cc67-43d8-b093-432be4f74952,L1,Item
dca861e4-5049-4c47-8853-d97692fa4293,L1,Item
f15c5dda-1a69-4def-88ec-b495c9a13720,L1,Item
cae68c45-0a20-45b4-8e4b-fd8acf7fef8d,L1,Item
b5a71130-acfd-4c6f-9e49-df60c6f24155,L1,Item
663373a4-aaec-407e-a694-db16e11f5418,L1,Item
20b6653e-aca1-4b81-b441-fb51cebf5213,L1,Item
a3687fd9-142d-4a66-b0d9-0460d7a31fb4,L1,Item
08bc5e8a-ccb6-44fd-9877-a8242c9f758a,L1,Item
08a94bdd-ef35-45ca-8219-ea63e429ffe8,L1,Item
cdfe5524-f81f-4567-9773-a0520ba4f7aa,L1,Item
1f2386f9-9352-4edc-83f7-6392027841b1,L1,Item
00187645-07ad-42c5-8551-52aadd111415,L1,Item
af3bb6d2-fb92-414e-b55b-59329ca4e648,L1,Item
ecaa3a97-dd64-4b93-96ac-43669288b411,L1,Item
817f19e3-61ec-431e-91a7-e400cf3e6613,L1,Item
8e910a54-dade-4fc8-b2c7-12a777f35720,L1,Item
78b7c6b6-804b-4538-beb0-938cb8be5bde,L1,Item
946a5f5b-e77b-413d-869d-74b5651bfc17,L1,Item
0c06ff4a-544b-485d-a032-38e6ec55638f,L1,Item
455b69ca-e240-4dc7-8b37-e7aab941baa5,L1,Item
917047d8-5140-4129-a51e-135d7220c93a,L1,Item
294906cf-3a15-4358-beee-6e9327c115b0,L1,Item
60259436-c2ec-4bdd-9d8e-9e88cbc41163,L1,Item
5103ccd9-3840-414e-8283-69062b7b4525,L1,Item
2371c678-6352-4a96-8ca9-cc9c56b62666,L1,Item
5b9c11a5-a92a-4bbb-9536-b932a6bdb9b0,L1,Item
712cb01e-6610-4710-ac3c-0851239fee23,L1,Item
51b308ae-f3d2-4a27-ab2d-f31a02867d0f,L1,Item
1fbbe937-a7ab-4457-9a72-5e3b2990d0de,L1,Item
fa025e92-e62e-4a4a-acd0-6237b01e80d0,L1,Item
cea9177d-6fac-48a9-a0a3-02dbe5cf3da8,L1,Item
ddcba71f-2eb0-4752-a8c3-50748adaf163,L1,Item
18dd9bca-cd5c-4703-9e34-27bceb836981,L1,Item
9d815a3d-f155-470c-929c-a3ffe2164193,L1,Item
cf113bc6-b3d5-4a06-a797-4acf100128a3,L1,Item
c5b0124b-630e-439a-9103-55af91c902cf,L1,Item
eb8a097d-c499-4e25-aa30-a516e372f205,L1,Item
efb01d57-e434-44b1-b009-6282cd9a18fd,L1,Item
51d197b8-b79e-474f-a6da-fcbdf3a1c091,L1,Item
c590259a-5849-435e-83ee-ab128685fb7b,L1,Item
c416c734-c8b2-4d60-8cee-3e184fe361ab,L1,Item
089cb5b0-ce21-42cd-8b14-8f1394009469,L1,Item
714003d9-91d9-4865-bb55-007352bea3be,L1,Item
aac5ef85-a6e1-4a9e-a72a-34576966a156,L1,Item
7e02ffc3-7637-49a6-bcf9-1036afe95723,L1,Item
1cf43cbf-1580-4668-ad3a-5d756b6f249b,L1,Item
db295e27-7739-4dd1-8cdf-4405180cc9ec,L1,Item
d2a572b6-2fa4-4463-8dcb-71e98ca0a993,L1,Item
ff351052-7f21-4826-aa70-444d8d0e3fad,L1,Item
99aff7bb-94ab-467c-8a8a-7b14b635620e,L1,Item
694d69a7-4b1d-4b8a-98a2-4acc347b5fe8,L1,Item
d0ebcc9e-a067-4977-9417-b7a1a41561d9,L1,Item
5e284ff0-a68c-4c70-ac83-16bb275ebfe4,L1,Item
ccf2c45f-bd1a-47bb-b9a4-a7d2708b277b,L1,Item
1d7024b7-030b-46db-9e86-99f920b0a14d,L1,Item
9b9679a6-b660-43c3-991d-636752937d69,L1,Item
f0393995-f156-48dd-a9c8-ed7bac723ab7,L1,Item
1f3aeebc-1951-437e-8371-3f6b5a0b6adb,L1,Item
d44b91df-4989-4f14-9924-5fa70738be3a,L1,Item
07829f6d-425a-4abe-ac92-595168bd8925,L1,Item
3903b1ea-e215-4d6b-acc2-ff34ce77dae1,L1,Item
a448abd6-b29a-467e-ad28-e2bd88ca06d6,L1,Item
72f5de99-880b-45ec-b235-200c897ad274,L1,Item
17786827-662c-4ee4-a8ac-9d0f322f0207,L1,Item
a1f55fcc-5eff-40b4-9440-9b3f2e878888,L1,Item
c2374a26-3c9a-4e06-b0e7-f9bcf2ade619,L1,Item
ed165baf-a806-44d0-9dd0-790699d8f2a6,L1,Item
36730793-390e-4f0d-acb5-b1789bee8707,L1,Item
5e647d7c-247b-4479-9e21-e259d2f7c3b5,L1,Item
f625b298-68d5-4496-943c-372a05f46b7a,L1,Item
b63b15dd-256c-4b53-ac2f-801c6b1bd0b4,L1,Item
e3a8be78-f19b-4d67-bd61-2b43be7fccfd,L1,Item
7470c0c9-fcef-437f-814f-6924b1510b88,L1,Item
0bd5c3e0-bb96-458c-bafe-93159771b25f,L1,Item
0c49561a-16e3-4c1a-8097-4915345df2b6,L1,Item
72d545f6-d223-40e3-8915-743438563972,L1,Item
69f7efa4-f6c2-41c3-b473-b0eb9f956456,L1,Item
ed672447-081b-4237-8c7f-ef8528367c07,L1,Item
346ac5b2-f2fe-4140-8b48-e0348e8551f7,L1,Item
6e63a7c4-2fb0-42e4-bd9b-5bb559ac3cb5,L1,Item
b7f109fc-e977-4984-8e26-858303d57cf9,L1,Item
b02a7c00-f5c5-41dd-af25-1b9e9fd37e33,L1,Item
b30fc3ad-ab1d-4a78-b5cc-a9cff16d3c58,L1,Item
00261a1d-cc2f-494d-a897-9c234723b93c,L1,Item
af71409d-f762-4930-ae87-f31644da9d97,L1,Item
1b705aa7-7a1b-4a55-93da-903cc23ec669,L1,Item
7e67519f-3fa2-4a3c-9920-4e1a1163f801,L1,Item
542f08b8-5aa8-4063-bf29-7182c946a416,L1,Item
788d056b-7bbb-42fc-b43b-4e4e1d5de420,L1,Item
c3aefa49-3b32-49f3-b6a1-f3e7c1fe913b,L1,Item
d0d384dc-05f2-44f6-918a-4f7c509bcb21,L1,Item
97e3776e-19bb-47e1-95fc-821412746426,L1,Item
a9fcab26-4f7a-4b8b-be19-2ae09899068b,L1,Item
29a66f88-52b5-432a-aaf3-87df9d9db030,L1,Item
f716691e-67b2-4f1d-aa2d-ee0072f7e263,L1,Item
8089e513-784e-4844-a110-6c63552527f4,L1,Item
05ea3311-ee00-4a7e-8170-3be1e1944e45,L1,Item
852223ba-aa5c-443d-9533-02af08b5dba7,L1,Item
b46e9187-9fb3-438d-9198-fc865f4b4c31,L1,Item
3067ac81-fee4-4b76-9df6-1c46ee556355,L1,Item
bbe538e4-eb06-480d-9b2b-19fce24c7b4c,L1,Item
37e1a3c4-e58a-4107-9d44-ddd746c2448b,L1,Item
06451383-022d-4071-aac6-11d601660ff7,L1,Item
adaa510d-d621-4ea0-8183-ba733d125b0d,L1,Item
893618c6-8bdc-46ea-8bce-6a8b18b399fe,L1,Item
bb690d4f-77ff-41e0-bbaa-7ce32ab11056,L1,Item
e3e55c24-6625-4bed-b0cb-d0fc0e7e5e16,L1,Item
0ba4b243-bb1a-4d43-99a3-6edcfb31439c,L1,Item
500437dd-3cb6-4870-a5c1-af5897329920,L1,Item
037d8819-04fa-42e0-8154-2aa0029f0d69,L1,Item
94dec50f-da63-4a3e-9ea5-48f0d4d80cf2,L1,Item
ef886e06-8cc6-477b-ba71-34b065255ac5,L1,Item
1d8ae6bc-7a0f-41f7-ab72-b3036f8c58da,L1,Item
677b94b4-8161-4a0d-a91a-45fcc221a76a,L1,Item
072339c5-ef3a-403d-8674-a874d06b9647,L1,Item
44a2fb47-783c-4f91-94ce-16c2f2bcfff3,L1,Item
66761833-2b34-431d-9d83-35fe131e83d1,L1,Item
964dbbcd-ad92-4437-8e21-2881ddefa745,L1,Item
13d4d410-5cdd-4d0e-9aa4-ab0cb4861af0,L1,Item
dc3aa603-16c7-488e-92f0-b17673d83c44,L1,Item
57f99d4c-7344-44ed-adda-fae40e947daf,L1,Item
89c6b055-447e-4b31-846d-0d5ae177657a,L1,Item
6d58e088-409b-4539-b311-167cd072de52,L1,Item
dc07abc9-0300-41cf-b12b-31aa83527297,L1,Item
39f7864c-5370-47f8-878c-1614480ea9a0,L1,Item
798b2fdb-bf18-4a77-a8e7-5922b9725cc7,L1,Item
177b8aaf-5093-4852-8356-b986e110ff10,L1,Item
3cca8174-8012-4a88-bc04-5d92cbb71fb8,L1,Item
014c1b36-544a-4468-b2d0-469935b66715,L1,Item
97fda611-4cb1-4051-ab58-c07480cd4eef,L1,Item
f8e193fb-0018-48bc-af06-347caa6407fc,L1,Item
0117f6df-46f1-4d3f-9a24-d4bd6a4841a9,L1,Item
70d5d890-f09d-43ed-aafb-141ecb0fe925,L1,Item
f7a9513b-b88e-4c9b-a542-35fa9f423303,L1,Item
55e018fd-1c38-4d04-854a-5d757dad2c77,L1,Item
4a5eebd4-39ae-4ea3-98ba-fe6ab2acd406,L1,Item
77dba3e6-f357-4676-8b80-92b3dc705f32,L1,Item
ee8da556-bbb8-4c05-a09d-41140d34a2cc,L1,Item
a8ffe798-1624-4bab-9f26-b8aeff7df330,L1,Item
5fae8b7b-cb12-4881-a77b-aa49e8d58754,L1,Item
f947bc1b-2193-47e7-b4ff-336bb318bdf6,L1,Item
d9ee643f-32a2-4a33-8dd5-6cb2ecde390c,L1,Item
03e39497-80fb-4ecb-a637-25f3c85076db,L1,Item
d315209c-98b5-4e3c-b517-d07ccad9b719,L1,Item
74e40ef4-39ef-4c6a-8cc7-4abb2d73b539,L1,Item
3d748053-7d3d-4cfc-b1a7-fd529a132bb2,L1,Item
b5878395-3d7b-4c87-a89b-98f5c91b8de3,L1,Item
0803917c-10ff-4893-86ef-d33b35740c62,L1,Item
f5326946-40b1-4be1-ab39-fb6a4b831be4,L1,Item
d64c626b-a52d-49e2-a53b-fb07818113d3,L1,Item
28e3b1bb-63e0-4e42-a4a5-97ce7ffa8783,L1,Item
7c6902a5-7e41-42fb-88a5-6e6b4e7785aa,L1,Item
85dee570-a540-4140-ac08-d60432dfb3ab,L1,Item
18ac3159-acdb-46ea-a2d4-ae6e8cb1612f,L1,Item
f1bec734-519f-4257-acf0-f643ef6c5eea,L1,Item
ac6ab752-90cb-4d28-98a4-64b21bb22a26,L1,Item
095c60a3-ecd5-4532-b79d-9c78fa71dbf2,L1,Item
26876279-b695-4c53-b6b0-69a115a4c021,L1,Item
753fdbdf-f213-44a0-ba31-810fa9e635cd,L1,Item
eca360be-bfcf-452a-a54b-ac3909dcfb9b,L1,Item
62883351-1a20-415d-8838-e3264ba75399,L1,Item
8d24937a-973d-41bf-813a-35c0e713a19b,L1,Item
b6c0d614-8c77-4f81-859c-5ec65007d73d,L1,Item
a7d43f8a-6d6e-4e19-be5a-5bb3c5ffa684,L1,Item
96cd2a8d-496f-426d-b14a-341fc312fb31,L1,Item
826a208f-8b0e-4ff3-a7dc-cf58f86bf9d1,L1,Item
910a83dc-1f39-4155-be73-2eab97b92545,L1,Item
fc7f385b-6521-4ac3-bbae-d53e0f4f135b,L1,Item
70418085-bc94-43fd-877f-aaeb4d634ee2,L1,Item
997c0cb4-5244-4a72-ad5e-facdc588bae0,L1,Item
d7ae5124-0c6e-46df-951f-58c50e509abe,L1,Item
50d87f2a-a64f-4905-9114-bbf243234842,L1,Item
1e576784-1968-4715-8d09-ccd03bee94d0,L1,Item
5b94755a-8113-42f6-9801-00bbb1d08f6f,L1,Item
61a90017-b43c-4665-800b-75e5ca3b6a8b,L1,Item
8ed5dff8-6e0f-4d70-8c74-6d5eb9e508a7,L1,Item
f138d473-57a6-4476-835b-b5ad8dc4008b,L1,Item
86fdd6fb-6ca9-465b-a040-717b757b0fc3,L1,Item
665c570a-dd55-4209-a041-ed9a33ced8e7,L1,Item
fc459b4b-4c4d-4082-923a-f2af27de8294,L1,Item
81a3f133-76f6-45c8-8ddd-10cccc351cb7,L1,Item
2a5d2da0-cc3b-4c06-bb8b-764303254e5d,L1,Item
0540cf07-3d3a-477d-b5a8-03ccfb1d5d1d,L1,Item
6da72833-b24b-4a44-a54c-b20e05f27fdf,L1,Item
7eff5a72-39a6-49dc-a7d2-3e9822d3e715,L1,Item
dde7b34f-2e7e-4f89-bce5-c23491083606,L1,Item
f2ad5f99-fc9d-4581-993f-314f8add4aad,L1,Item
650a335a-2461-4818-80e3-0aeaab5f1a23,L1,Item
e34f38c4-8d5d-438f-8ab6-5f3f3ad136fe,L1,Item
df81d9ac-cb9f-4089-a212-487a2cef4922,L1,Item
645ef9f1-ebfb-4281-a830-c6bb883aa6fb,L1,Item
58ce23dc-37a6-484a-9ff2-15f94a849fd9,L1,Item
cefe292b-327c-44fc-9ff0-992e02b97ba8,L1,Item
c8c1ec2b-bde3-49f4-96f0-3ba92ce4e586,L1,Item
8524d19b-bd88-4ae3-9236-23c1120ba196,L1,Item
1dae940d-20e5-4984-a690-669a7f018e62,L1,Item
d5846ec5-e439-4f7a-b732-bd97e8eabfe1,L1,Item
1381a340-1e18-4f48-808a-3ffac8aed042,L1,Item
89c56588-3edb-4fae-b28b-2ba8eafe6698,L1,Item
a041bdca-4079-4691-933d-da91702d7efb,L1,Item
b94ff56c-8753-426e-b9cc-e9e4a1b71310,L1,Item
005d4714-623d-4473-8c56-40dd623012ae,L1,Item
dbfcd58e-eded-481e-94be-a388e444ce98,L1,Item
40b2e71a-a9ee-465f-bf88-2e4b10eaeea7,L1,Item
f3eb48c8-f704-4346-8e6d-15b369355804,L1,Item
80f24ef2-a7e3-4dbd-8bd5-4134cbb4fbc5,L1,Item
7eff3648-6257-4a65-86a5-136bc2328f88,L1,Item
5eece64b-e4ee-4f25-984e-0df94df378e9,L1,Item
b8f11bd5-6a42-4a91-9c5e-fe375ade28b9,L1,Item
5720323b-c8db-47f2-9911-b58af2c6a933,L1,Item
7a66b556-6f3f-4318-b525-3542b1a90cbe,L1,Item
754cda33-c26c-4f7a-a83e-e9a61d941b17,L1,Item
f7ba4188-871e-4119-b9ab-747d826d4bf1,L1,Item
5ee3e68f-f7f9-498c-a704-ee697433a271,L1,Item
ccbbe328-27f7-4de3-9865-07b97f0bb6b6,L1,Item
035771aa-7611-4e09-9368-617c0fca33fc,L1,Item
18d8763c-f915-4a9a-b25b-40ce38fb6384,L1,Item
650b7d1c-c56a-497b-9659-adb6da991a94,L1,Item
3d7c067c-f178-49cb-8b03-62d24c9dc32a,L1,Item
109f15d8-a1a4-4dc5-9872-df202ec427c2,L1,Item
8b912c02-9c77-4a2b-b9ab-1b2fba44dcf5,L1,Item
8885522d-4946-402c-ab1b-93fe793774da,L1,Item
aee938a1-f09c-4696-b0ae-d2fbcf2d3fa2,L1,Item
f04bbab5-0157-4dde-84d6-7500d545f266,L1,Item
9b8e2503-055d-4d81-b007-437b533864ac,L1,Item
c8fbf9ed-49c6-4c62-b909-2e730eb2466d,L1,Item
1654546e-1575-4c08-b991-bd3615a740b7,L1,Item
0980e1c6-cbcf-4779-af51-5dbb35c3cd43,L1,Item
8df57090-bf4a-45b0-9f1b-0528bf947653,L1,Item
8d1cbc3e-f7c4-4699-82fe-3e82737a42fd,L1,Item
2aa7d252-1d22-47b8-adbc-b860f37c28dd,L1,Item
208501d1-c6c6-4f01-b3f5-da48f622c4db,L1,Item
b0f63257-6c90-424b-bf92-212349fe6cb4,L1,Item
72517c0b-27bc-489a-bb13-ebd8991bfcec,L1,Item
b1aee883-a945-4858-9e3a-fe3720d35327,L1,Item
a40494d4-3c99-48c7-9cb2-04b96fc3edbc,L1,Item
7ccce5be-fbe3-41fd-9269-0fb0ddfb1557,L1,Item
fc7063e8-51bc-401d-bb4e-4cb0c465bc33,L1,Item
ad6b86f3-b4eb-40a4-a38d-0e37755718bf,L1,Item
6b474d97-ac79-45b1-8834-13e1803ab622,L1,Item
3a75c7d2-79f7-4382-8d48-eb545dab6b0b,L1,Item
6904e4e4-7edb-4c39-b8d5-1d36e8ceff49,L1,Item
81c3464a-389d-416c-a7b9-f886ca7650ae,L1,Item
cdda912a-223f-4bf7-813f-7dfec954f5fb,L1,Item
2c33de7a-faaf-4641-b87f-34c8fcfcb559,L1,Item
f7dd31c9-8b16-497f-a92c-c4238f3179b9,L1,Item
16afda3b-24d8-4bd8-9c3b-ff358fa4fd77,L1,Item
45d7c0cd-57d8-44fc-8440-b2273bee4e09,L1,Item
d88726e7-20f1-42da-bc2a-346a6cebf5fe,L1,Item
3177168a-5b7c-4542-9c39-d017b8e86eb4,L1,Item
dd180bc7-8642-4b3e-9168-b65b31efbde4,L1,Item
4e632f33-98ad-488b-9a1b-015ba8e98bc8,L1,Item
74e4656b-bd81-486e-8ee8-41e0875aeede,L1,Item
036b304b-0239-43dd-beb4-bb47fa4be296,L1,Item
be77efe6-7c3c-4f36-94b5-9cd6110ed8c7,L1,Item
3c60a3ad-01b9-4746-961a-ecd02ba86fe2,L1,Item
7c101499-07a6-41d3-8cbd-1df91357ebdf,L1,Item
57efd979-3766-4441-85dc-e8e12f749752,L1,Item
a83783f3-cd7d-412f-b6f3-35ca4de0a567,L1,Item
74b14bb9-a3c3-41d3-a132-1071853a7cf7,L1,Item
f922798a-0c8b-44ee-b788-952461553ad4,L1,Item
4c0fc5a7-b3b8-44af-941d-59317ae36021,L1,Item
4da29c32-39a4-4d38-9b82-b0096d09e26a,L1,Item
c65b16f4-6ff4-4556-a1a1-5a381ae9e18a,L1,Item
21bfed05-fdcc-4a03-a070-5e04b39c24c6,L1,Item
547243fe-544d-4b82-9d3c-0ffc2bd5ea46,L1,Item
a9c106f7-4380-4d83-81a4-da72910cdfd8,L1,Item
7c63ff18-9419-4356-b023-79b1bcd8ca88,L1,Item
2a092dc8-59e5-4192-aa43-56b8b177fa0a,L1,Item
a0d713bb-06a5-476a-888d-14e6ea67fb02,L1,Item
ab4fb066-0296-4545-b3fe-045f621ebe00,L1,Item
c9a98cff-b49c-4492-a930-6106dff09471,L1,Item
1728559a-a9bc-4573-b629-fa9f47e581a8,L1,Item
839ed8ae-e88b-4635-bafc-71905e644ef4,L1,Item
e6e5a748-ca71-49f0-8191-7ef2f6df56c5,L1,Item
8771dcc2-d624-44b9-8090-51604143a196,L1,Item
e1956cfa-e067-4a08-88fd-088b23315f5b,L1,Item
6f91708a-3dfe-4481-836f-411fced01a7c,L1,Item
213dd147-119e-47d5-8fed-262664321c7b,L1,Item
d3c1fcc5-4ef7-45f1-90bb-9e461cd5a653,L1,Item
60c4364f-139b-4ca3-ac29-04f5ea528eee,L1,Item
9d9d7d9e-ad4b-4139-85e5-d3cb1d19aba2,L1,Item
44a2ce06-19e4-49d6-84b7-fdb109492140,L1,Item
11da1f1a-cc65-4770-a110-048d977aa9db,L1,Item
9ba27df9-f276-4a1e-9cd7-96b344cd4e62,L1,Item
df21d3fe-69d1-4759-9e5a-1274adcfdffd,L1,Item
9af7dd44-ae1e-4dc9-bb5d-58bd178dcbb7,L1,Item
19d878f7-9c62-4d2a-aa0c-1b7010d2278b,L1,Item
6259e1ec-3923-4b99-9866-00fc26934278,L1,Item
9ef3f8d6-d747-4b1c-9784-dd0e9ab6760e,L1,Item
4c335e3e-a9cd-4469-8247-2caf231a94b9,L1,Item
d4c2f1e1-f064-481f-8597-090fd5b3fc25,L1,Item
989816c1-4b3e-408b-b66a-623c491da9db,L1,Item
17064474-4bd3-4beb-a80e-e8f42da18c78,L1,Item
cb7ad82e-c9e0-4c95-9861-b7c445fab38a,L1,Item
b902acd5-dcb3-4ca0-8b70-c63cae59e541,L1,Item
6789b8cb-a172-4bc5-a2b4-4bcb88657826,L1,Item
17e59a39-df9c-4fe2-8265-59ec60333514,L1,Item
633a71aa-1f76-4605-932b-a5d74d657304,L1,Item
775991c3-f94b-45f4-b5d9-746d9f9cf7d3,L1,Item
d685bd87-b70f-4139-ba14-5b21a02a95bb,L3,Item
84eb7671-3cdd-4f95-85b2-1babe8c35af0,L3,Item
2c33a39e-b7fa-41c0-9d75-916029c6b317,L3,Item
3605cc03-2a34-4377-9d4d-22d20f7f78f5,L3,Item
2f5876d9-b2d5-4f5a-a18a-b2ab1bc64110,L3,Item
49b5cc2b-2a7b-439f-b7e7-ede62eb5882a,L3,Item
ed5638ba-d44b-402f-95da-acd0c255f450,L3,Item
09a75709-0608-41a1-a13e-30d18c5f2eaf,L3,Item
ddc9edd6-fa05-42a1-ab65-5a8a017694b5,L3,Item
e474448b-d9ba-4e2d-a1e6-c6a4c847f382,L3,Item
9723fe07-0a22-4f28-b928-1efcde2978d4,L3,Item
2a23da2c-eb5e-4195-868c-52dffcce9255,L3,Item
83ae6d2b-5da3-4b4c-b44d-558a1d587810,L3,Item
de1a5401-ad83-43bd-9445-2a8d0413abe2,L3,Item
1f7d66ab-0ef4-4ae4-9dcd-506b53bf0427,L3,Item
b4a43fbe-0aa6-4c2c-9832-bbf87051e553,L3,Item
fc2e55af-215f-498f-bcf9-7c4d34610313,L3,Item
57ce1194-b7f9-4a08-b28f-e6108b233897,L3,Item
c9b4e15a-e977-48a6-973e-01dd65da9faa,L3,Item
72349fb3-67ce-4769-b935-e860c3b5b6d1,L3,Item
55047020-b252-46ef-9086-fd2e12f51c2e,L3,Item
7c6b07fa-2ea6-476e-8495-e3bd3f8a697e,L3,Item
0e4a84ea-bcee-4603-8512-e9f7d2474d89,L3,Item
cf67bc29-935b-4ae0-be28-1f589888c909,L3,Item
a0eda7af-b742-4f3f-9c11-1b94642be188,L3,Item
f79ae8c9-8230-4447-83c7-03752bbac3bd,L3,Item
49ff7648-c135-4b6b-8fee-f8be69378a0f,L3,Item
309cd3fa-52f8-4eb7-9da9-ae60e2c77410,L3,Item
67d8d77d-e5df-49f5-b8be-ab59d3cac41e,L3,Item
a423527d-45ba-4f2f-a2c1-533ccb73635a,L3,Item
ae6f0344-20b1-4011-890b-ec40072fa3cb,L3,Item
5a5df289-e742-4ec2-8031-8ec0949a2629,L3,Item
bdcef491-a28f-44b2-8ff9-f080edd344d1,L3,Item
687901d0-25c9-4413-9b29-153d1ed8b779,L3,Item
dcbd6c7f-f279-4aa8-a2d3-fc3d6c94e199,L3,Item
16920e0e-8558-46e7-846c-dabefcdbda69,L3,Item
d41ab7ae-21f2-420c-8323-3f375e78d1aa,L3,Item
a11482a9-b24d-4f7b-9811-4ff6a0998b8d,L3,Item
a8c8218e-a2a1-45cc-aa8c-d11762e7ecbc,L3,Item
2ff8c3da-7d92-49fe-99b7-bdf0a28f84b0,L3,Item
94f6f068-320a-499f-9864-a79aa4477a14,L3,Item
babad929-7671-4ced-9a3e-3ddfc59e2688,L3,Item
cd44e8dc-3dd9-43c2-9258-83b00e98f9ba,L3,Item
74cda6ef-5444-4857-8de3-0e73730bffeb,L3,Item
ff5fd7df-b794-4436-a210-aef52588b856,L3,Item
3b580d07-f1cc-4f70-b417-4fb28d2c424e,L3,Item
0a9724ef-7835-4c7e-80ce-33955daef435,L3,Item
43b9bdfe-d7e4-4c03-9188-aa8f363663c2,L3,Item
af639225-16d8-4338-8c41-8341951d2169,L3,Item
1ae2a1a8-b1e8-4043-9c36-a298c45a30de,L3,Item
1ed63c78-313d-4e4b-940d-cee755e0c769,L3,Item
64f9eaff-f8b0-4c98-833c-c14ac1011542,L3,Item
fa20d6f4-50d9-4e67-a15a-6728027ab09e,L3,Item
b06ad9e4-ab21-40d1-aaff-53dc0ccc94ca,L3,Item
fb8e09d4-d461-4348-a39e-b90810bf18cc,L3,Item
c45643e8-7a62-4c9c-9d8d-a0dfb4f3abc2,L3,Item
847fafd0-3e14-40f0-ba3a-0773a20f5984,L3,Item
f70a6add-7c01-44e9-972a-84b7aad12938,L3,Item
26f25683-9d9f-4579-bfc6-b507296f8ff0,L3,Item
4292c301-f7e5-4d7b-9152-639a37cc74d8,L3,Item
e99be34d-e680-4113-9c07-93169caabced,L3,Item
40378168-2914-4df6-8bfe-5be0416e4d33,L3,Item
040533cd-a098-414e-9357-35dfe11a743e,L3,Item
ecf00ea0-1879-43fa-918c-1edb3455a14b,L3,Item
07379910-aca0-4e66-9f0d-df1cf7167efa,L3,Item
070ed579-67d2-440a-90c2-1510d6836e46,L3,Item
fdccbcd3-c373-426b-9be5-417e9b82e60e,L3,Item
17d2e7f4-a2fe-4598-be1f-b7d16b6b856e,L3,Item
9d818e59-b0a5-4124-8f11-8cef3a810874,L3,Item
a8c09cd4-8ea4-49a0-aca0-ef2b103244b0,L3,Item
4e4ff117-2ec7-4c4e-baca-64a4a4a3f3d6,L3,Item
ffc90983-d9bb-439b-8a73-ff802fc40f97,L3,Item
1582db59-5044-47f5-aeb7-831570c38b7b,L3,Item
6d2a5b3b-4073-45ba-b21f-77afb0978bb1,L3,Item
95f223f7-ce74-472e-9004-0ebeca921459,L3,Item
d5f9d56e-9b47-42b1-b2aa-db1ed3315898,L3,Item
090b40f3-42b5-4642-aaf1-b712960ad978,L3,Item
098b8688-e72d-41b3-981b-47065b0c6d80,L3,Item
17d440a1-2b0c-4f02-bd8f-6a7614df49ea,L3,Item
ac0e4183-bf13-42d6-9a42-02f23e31672a,L3,Item
63bfedf8-0acd-4191-8a15-25407a4739ce,L3,Item
d0c4007e-40f8-4375-b452-6e7e4d51a0e7,L3,Item
088608b9-8ccd-4f48-a41a-3784a56f29c0,L3,Item
104a0bd5-cf98-4579-83c9-eb954c776c0d,L3,Item
298ea8bf-6bbe-4bc5-9260-0a89f71a8343,L3,Item
07464eb5-f727-4830-977c-8e3212dc5d70,L3,Item
3b5202cc-d0dc-4b2e-bb49-ec28ee128b9e,L3,Item
6966bd62-89e8-4d7a-a0a2-e2d5808d731b,L3,Item
0bab11d8-18e4-43c7-a63f-8ad35f120628,L3,Item
1fc9526a-09fb-4119-bb19-0fbc13b2df21,L3,Item
72ff54a3-a9d3-421a-9ccc-1534a28ca780,L3,Item
2d7adc96-1e8e-4a0e-8ea9-512443c56503,L3,Item
9f931069-49ba-4322-b07d-5e7b508ed97d,L3,Item
27198312-1f73-45aa-b713-75c9d501bad1,L3,Item
99c1e63e-aecd-48ae-84f6-e19844f55f1b,L3,Item
8d328f08-4ae8-460c-8046-36ff76458c5f,L3,Item
c58ee7ce-9378-4fdc-b182-2a0fac3ef04a,L3,Item
c2feae2c-47ac-4033-8f50-2388a2e51dc9,L3,Item
505e97be-e004-4c8f-9ba9-f54ada53c446,L3,Item
64b6cc51-066e-412f-a513-f490e5bf6aed,L3,Item
0c46e86a-ff60-44a5-b648-aea74caf1a4e,L3,Item
acfba980-4b77-45de-8d5c-bede10b276bb,L3,Item
3ae9a4ae-9548-4998-877d-8b759bae66d4,L3,Item
7df4cec0-8b0a-43e5-b49b-a89c1673d8c8,L3,Item
56773f98-47f8-4a19-a844-3d89187d74e7,L3,Item
a4d89e4c-a3ca-4934-a37d-578900d1f502,L3,Item
587b8e77-6c96-411a-aa8a-971b4e05de4e,L3,Item
c0daf543-7c91-40ca-a77c-7b7964639291,L3,Item
10e91537-35a2-48b5-9598-677c139e8c82,L3,Item
4479a4cd-8cc4-4f1b-9fb2-59b88e29908b,L3,Item
887f1164-8b73-4da7-a3a3-497eacf67544,L3,Item
cc2d8909-e78f-4418-935c-c3a5d16f7cae,L3,Item
380712e2-7113-469a-8c39-5730b7025104,L3,Item
b662939e-5b49-48fc-a0c8-155005ea9414,L3,Item
ea2856b1-9366-4c65-bb9a-ba39c0661ece,L3,Item
f8c95d48-273a-408d-97bc-fb18f75d82b0,L3,Item
44e4a17d-aa49-4287-8ab5-5e6853945830,L3,Item
e423ccc5-fee4-4719-9b68-d41189261d89,L3,Item
86381f66-4142-4d07-9d4d-bacb3c8cacfb,L3,Item
6b1fca81-71cb-425b-867f-8a08952671eb,L3,Item
0e269a67-a5b1-4f6f-9b39-568a91655c00,L3,Item
a3a1d86e-d703-42ae-b259-ded17d6f187e,L3,Item
41c19ad9-c020-4d95-be40-7c27751d3054,L3,Item
1b0c45bc-c529-4434-a48d-0ae35f3c1920,L3,Item
d68c29d6-7447-4b79-8d2d-80c57dfd82fb,L3,Item
0e9478b1-506d-4c8e-82c6-0a5c7c2441ea,L3,Item
b128305e-dca8-4c57-94ee-f695cdea7aa5,L3,Item
482179fa-5551-43bc-a563-11348107e452,L3,Item
e5e04b1f-e583-497b-8204-25be95e166a0,L3,Item
24cbb140-dc73-40ea-bf7b-3d7489322a2d,L3,Item
be2c9709-94b2-47cc-9fd6-cddb910ef79c,L3,Item
9c871b65-9d0f-4060-9e00-7af4e33d892b,L3,Item
9d56ed4c-12c1-4d04-9d62-9ca6905450e3,L3,Item
b1f88846-158e-4820-a372-140d1e750efd,L3,Item
88d4646d-ead0-4dff-b229-eecb49386cb5,L3,Item
9cf9f5fe-6bbb-4005-a503-49e129b62cd2,L3,Item
aae0d8c4-10fe-4dc4-8e9e-30ba39323fdd,L3,Item
115536cd-b46e-4494-ab47-db2d297ef5fa,L3,Item
9da56977-cb3a-456c-82ad-ad47c81d1a6f,L3,Item
eaf51de8-c833-47a6-a00c-8b3e5e0046b4,L3,Item
bd6f9295-9ac7-4d4f-aa1c-17c8d2eb6c81,L3,Item
f0440654-9c97-4679-bc2e-02540b07e8f5,L3,Item
5bbf33a9-838e-453b-8adf-6f1418db97cf,L3,Item
aac9ba29-a7e9-4e58-90fd-2d6c253f2d2c,L3,Item
508d8a42-0522-4ede-8de3-7e8b6ffde8af,L3,Item
cbebb1ce-810b-4254-8e54-1b99790b13af,L3,Item
525e5b3a-4b12-4dde-bd99-4eea7e52bc42,L3,Item
23bd8027-0078-4aa3-af06-cd07e49fe32c,L3,Item
d9a279ba-a74c-47df-82c3-44d692d8caba,L3,Item
976df454-949d-43e9-acde-4c0929f2925a,L3,Item
e1019287-66ec-447b-a461-67d1c637cae7,L3,Item
c9eeeb71-ce1f-4bc4-9e5c-e1410223dcd2,L3,Item
912b3c92-70ea-4527-bcfa-d6c9f9572f4c,L3,Item
8bc10198-1403-4186-8587-a9f47e5296cc,L3,Item
18767559-f419-4ca7-8d3d-ce080beba067,L3,Item
68c3ea1b-6724-406b-b603-753edacfdf3e,L3,Item
76f9d224-0231-4fd8-9ab0-d5b1fd128daf,L3,Item
1ed9fa76-43f7-4dcb-a7bb-441afc7de54b,L3,Item
b907e08d-719b-4d2e-8beb-57083362fb2b,L3,Item
d838fe6d-baca-47fa-9b76-4c2efbab135b,L3,Item
093dfe22-8aec-4ba2-ab02-cd68da0973fc,L3,Item
ff0cc9b2-cfc6-4f03-9586-3589e254e4ae,L3,Item
2975a9cf-458a-4bc3-8693-8de08f7ad0be,L3,Item
9ce6e452-b077-4654-b3ad-c01c06312ce2,L3,Item
ff9ff453-cb9f-48af-9320-ce1cb8ad1a7f,L3,Item
d6375365-bb54-4af7-a4c9-aa377e0bf24e,L3,Item
e46ced59-a099-4103-92a8-0cc694636dcc,L3,Item
b3960526-f500-4a12-8aca-ad53ed0250b6,L3,Item
d1e10d0b-499d-4e4a-97d5-2fac586d3878,L3,Item
86c8e930-ecec-4db9-aceb-124b94ebd50f,L3,Item
c67a8da5-a737-48a6-b6b1-0962d02965e6,L3,Item
ec7d568d-ef80-48fe-98f2-ff777ecf1b50,L3,Item
404203e4-9739-44f2-aee5-8ad1e0757be2,L3,Item
cda3f7b1-dbd9-45e7-8d30-cb540d1f218a,L3,Item
d29be2d0-0888-4253-96ff-b33489758664,L3,Item
4e712313-65aa-4838-a60d-b3c4c0b468be,L3,Item
ff1d8f35-8184-4483-8400-d569439993d5,L3,Item
75f75e2b-0f37-4db7-b761-b8e3312a481a,L3,Item
347e0843-28b0-4678-bead-9316cfb1af6e,L3,Item
44e02581-5cce-49c7-b1e8-d0aa714ed88c,L3,Item
348597c3-637f-4d5c-b58e-b03fb30ca2ce,L3,Item
4194bee9-9ad7-4cc7-a37f-29313ee6bedd,L3,Item
05e463b4-44d4-4ea7-92ec-3353eeaf8796,L3,Item
7ba56258-d02f-4ee3-9c03-492958388aee,L3,Item
dc2128c5-e82f-48e6-a882-6863d5623b5b,L3,Item
5dd427af-2a2c-4420-bb35-891cb125dacc,L3,Item
286a3fe1-de23-4a90-9d8d-d11ed8c752a8,L3,Item
df0f00e5-7abb-4acc-9489-9ee89a884554,L3,Item
b08abc29-14bb-43bf-b93f-292f5f67acb8,L3,Item
b4c33fe9-bb72-4ac3-8b66-a367049e1e37,L3,Item
23e449ce-b5a5-47bf-ac0f-280b9956a52e,L3,Item
9ba4dce4-3274-40c6-b5dd-e3f791abcdf9,L3,Item
a9233caf-eb48-4392-b185-671f210e39ff,L3,Item
e1de4a2e-3f2a-40c9-b216-1031253f3bb7,L3,Item
6965eebc-aa87-4d75-ab3a-d4f41f77b10f,L3,Item
90a01680-c7ad-48f2-9f48-e3e7c451c272,L3,Item
0dbc018b-4a7a-404c-bfe7-4395f1ab51a1,L3,Item
5d5767a6-aa17-46ec-94c5-9a121a5d36c8,L3,Item
66a15ef3-33f5-486e-985f-d99bfd2e933a,L3,Item
e6ce71a8-0ef6-4425-a4f2-5137bd42632a,L3,Item
68fb6403-39ce-4e10-aa38-a21c9cb49983,L3,Item
f0a8905e-4541-4fec-8861-3aa21a366df8,L3,Item
e6140134-cafd-4e29-8455-0eb4b6c54577,L3,Item
aaefd027-d721-46e4-bd07-2fdc2f292bb0,L3,Item
bd700db6-f4f2-4f3e-949a-6325c26fe38c,L3,Item
2ca3a14d-dbe1-4a65-a96b-37d273630a47,L3,Item
9a31a89e-595d-411a-bd9c-534aacb8ecfa,L3,Item
2e5fbb4e-8370-4931-aa94-76d1113f1c07,L3,Item
36bee178-2129-448f-97ef-6d245fbfb7b5,L3,Item
0743a943-353f-400b-948c-070d497e366a,L3,Item
ed931ef2-4f0f-41fa-9d21-09184477e9ec,L3,Item
ba74a201-ad86-4f97-b2d5-15b68d31c43a,L3,Item
79e1d8ff-43b0-45ed-9a69-a06f06020003,L3,Item
23543529-bb9a-4ab3-977f-9e14f9a9f7a0,L3,Item
b2e8fb7c-6aef-402d-84b9-1b4d5d8ca278,L3,Item
757f6b51-b791-42c2-8cd1-eb316bff47c9,L3,Item
37351187-3ae8-4f6d-b67f-bc1066e818d5,L3,Item
56556367-9e56-44ae-b624-fbe268e69cd5,L3,Item
92bec2ee-8263-4434-a30f-66e077c81db3,L3,Item
3eb27eff-1a9b-4911-a52a-bbf8a438b4cf,L3,Item
a7d8e263-3ccd-4f6e-8263-81adb18a5d69,L3,Item
c252403f-ead1-412d-8385-3df1c7f95e09,L3,Item
e85250da-f1e7-4dbe-8631-4ac81a3dc830,L3,Item
b49929e1-acb7-412d-81c0-990980b409c6,L3,Item
22045a4c-031d-4ce6-85cd-47847000e646,L3,Item
81e946b6-72ab-4f1a-98d3-995c34be9eed,L3,Item
ea4d5732-70ea-4733-af4f-fd0515b97def,L3,Item
8c65ae52-9ba1-40b5-bcd3-a368a03f9d5a,L3,Item
594f5753-bbc2-4cb4-8a5b-48a273bcf680,L3,Item
2d9265cd-c8d0-43cf-8bb6-11d966b7c444,L3,Item
27fecd18-4305-429f-9def-4a3f3ea47672,L3,Item
7af16846-e1aa-4db1-aedc-b61a5092180f,L3,Item
3fe8aa97-bcce-43b0-b801-428634702ef0,L3,Item
23144033-7b59-4883-9862-0429caef5678,L3,Item
447b8b68-4bfe-45bc-b11c-7b9bcbaeec78,L3,Item
fd0ec9ce-18ec-40fa-8b7b-34f9c12dd80d,L3,Item
d76f5e3f-e9dd-4527-8f32-94f8bed92ec5,L3,Item
f5b43657-aad2-486d-8279-9ccfe93b9879,L3,Item
5c926558-34d6-4585-9ac2-2d50f421e60c,L3,Item
07a3288f-cf1b-458a-8e57-ac7e2dae9318,L3,Item
e8ffa578-3393-4b96-abb2-c8bb225471bb,L3,Item
2c7def05-6131-4ab0-aec7-dd2f8fb03dda,L3,Item
3149cd8b-164c-498e-b06b-a85edaa0f836,L3,Item
2e011478-b2ba-4c1c-b452-6f852049efad,L3,Item
e6b67f38-6185-4009-b0bd-e046f4b22c0e,L3,Item
fd32cfd9-5522-474c-9059-3041f79f5bf9,L3,Item
cf7c1589-64fd-4a57-ba0c-746aec7bafd4,L3,Item
2fb7b114-ec13-438e-a1c5-4e03d9c97420,L3,Item
50c286ff-70e9-4b43-955b-9d659366fdca,L3,Item
b9ccbe51-ad3b-469c-9e76-73c8c40b4cf2,L3,Item
