id,tier,type,root
00000000-0000-0000-0000-000000000000,L3,Root,00000000-0000-0000-0000-000000000000
00000000-0000-0000-0000-000000000000,L3,Root,00000000-0000-0000-0000-000000000000
716565fa-19ab-4020-8370-673162b3c332,L3,Root,716565fa-19ab-4020-8370-673162b3c332
716565fa-19ab-4020-8370-673162b3c332,L3,Root,716565fa-19ab-4020-8370-673162b3c332
2924b5f9-c295-4efc-b4ad-db05c92dac02,L3,Item,716565fa-19ab-4020-8370-673162b3c332
bc9a85c6-ce17-4f83-a721-ea9cbef80b8c,L3,Item,716565fa-19ab-4020-8370-673162b3c332
a7463913-166f-4dfd-8c9f-6bd5664c81d4,L3,Item,716565fa-19ab-4020-8370-673162b3c332
a6bfe5bb-a42d-44d6-b6ad-ab6d3d5c7620,L3,Item,716565fa-19ab-4020-8370-673162b3c332
f486b9c5-9875-4105-8e35-ac760a801195,L3,Item,716565fa-19ab-4020-8370-673162b3c332
9f6bd4fa-c8c1-40b3-bf4c-08526f5f454a,L3,Item,716565fa-19ab-4020-8370-673162b3c332
2d40ca2f-752f-4bf2-9e66-9acb2a49493d,L3,Item,716565fa-19ab-4020-8370-673162b3c332
4a1e8174-e957-429a-98f1-f10bf3f43fb1,L3,Item,716565fa-19ab-4020-8370-673162b3c332
b87f7742-2801-4b33-b12f-09bb3d1531c2,L3,Item,716565fa-19ab-4020-8370-673162b3c332
5c46f830-23e6-4b54-92fb-bb7e9e117ba5,L3,Item,716565fa-19ab-4020-8370-673162b3c332
068a9ce6-6ab3-4528-96cb-3bde03d0d5d5,L3,Item,716565fa-19ab-4020-8370-673162b3c332
418d7dd1-6379-4258-a0a4-9478d6fc6cee,L3,Item,716565fa-19ab-4020-8370-673162b3c332
8bcd3681-2b5d-4c99-b71c-592ddd010452,L3,Item,716565fa-19ab-4020-8370-673162b3c332
b6226144-d2a8-494c-9d4a-9f9f1ab27f28,L3,Item,716565fa-19ab-4020-8370-673162b3c332
99f03061-40ad-4969-adc9-7f9c788fe72f,L3,Item,716565fa-19ab-4020-8370-673162b3c332
f57f8ae2-eb02-4f5f-9551-803e6b470ef3,L3,Item,716565fa-19ab-4020-8370-673162b3c332
c2312097-e9d5-4e18-8aa9-05c50aa6b10a,L3,Item,716565fa-19ab-4020-8370-673162b3c332
be992d87-79cf-400e-8c37-ee9d8011bfda,L3,Item,716565fa-19ab-4020-8370-673162b3c332
ed0da5a3-55d4-442b-9ed3-5c40a3850662,L3,Item,716565fa-19ab-4020-8370-673162b3c332
af6ed639-e76b-4e84-8bf7-15cf3866d028,L3,Item,716565fa-19ab-4020-8370-673162b3c332
eca3b1a1-4b6a-47ad-a8fc-946826ff69f5,L3,Item,716565fa-19ab-4020-8370-673162b3c332
2bc0b380-2b69-4fb6-bec6-30f2d89a457e,L3,Item,716565fa-19ab-4020-8370-673162b3c332
bcc34ee9-c920-45ca-bfce-6bb61ecb43e2,L3,Item,716565fa-19ab-4020-8370-673162b3c332
ad46eec2-69c3-4d51-a1c8-9cb5d44749cc,L3,Item,716565fa-19ab-4020-8370-673162b3c332
ec145702-9ae5-4c9c-9e36-9d1c1cd54e4a,L3,Item,716565fa-19ab-4020-8370-673162b3c332
e28d3d57-5158-4d6e-b9eb-2dec34a667dc,L3,Item,716565fa-19ab-4020-8370-673162b3c332
e3c40417-5c1b-4b78-84f5-e206295564d8,L3,Item,716565fa-19ab-4020-8370-673162b3c332
a667aebc-a209-48e5-aa1d-1fdba63da834,L3,Item,716565fa-19ab-4020-8370-673162b3c332
14902c3c-eb1a-4f9a-9f8d-e3d0c8265fcb,L3,Item,716565fa-19ab-4020-8370-673162b3c332
bd7b431e-9491-4b6e-b78c-b9250071e414,L3,Item,716565fa-19ab-4020-8370-673162b3c332
d913f79c-7a40-4eb8-bdd1-ad0e885ea41e,L3,Item,716565fa-19ab-4020-8370-673162b3c332
881136e9-4b9d-4330-af13-c232036624d5,L3,Item,716565fa-19ab-4020-8370-673162b3c332
4bd0d8e4-a470-4e39-af13-ebfea789bd13,L3,Item,716565fa-19ab-4020-8370-673162b3c332
4272d5bf-5669-439e-9e80-0d6d5dffcbde,L3,Item,716565fa-19ab-4020-8370-673162b3c332
93a725c3-0ed9-4ec9-8e6a-83416b12392e,L3,Item,716565fa-19ab-4020-8370-673162b3c332
9598a976-3115-4fea-953b-0823c5696fbe,L3,Item,716565fa-19ab-4020-8370-673162b3c332
af308c3a-3e51-454a-aecf-6bba34afd049,L3,Item,716565fa-19ab-4020-8370-673162b3c332
2267fdbb-de69-4187-bad3-c6c235ed33d5,L3,Item,716565fa-19ab-4020-8370-673162b3c332
ddee1f43-d536-4836-9252-43495fc61762,L3,Item,716565fa-19ab-4020-8370-673162b3c332
0e2480b4-53bf-4e1b-9d49-d3f56bff9003,L3,Item,716565fa-19ab-4020-8370-673162b3c332
d8ac6cc9-a77b-47b8-bd8e-96cc2a869b55,L3,Item,716565fa-19ab-4020-8370-673162b3c332
1d3f2b5b-c6df-4da3-a690-7674e9927385,L3,Item,716565fa-19ab-4020-8370-673162b3c332
667cd80c-7870-420d-bfb4-4238a4945b5a,L3,Item,716565fa-19ab-4020-8370-673162b3c332
49f057c9-397d-4896-8334-98163b4c9ae4,L3,Item,716565fa-19ab-4020-8370-673162b3c332
30616736-31ca-41df-9cd9-779b5549d472,L3,Item,716565fa-19ab-4020-8370-673162b3c332
ddeaff55-f7c6-4564-b30f-261b5971a8f2,L3,Item,716565fa-19ab-4020-8370-673162b3c332
3c47ec52-b06b-4235-bcae-5ad9cfca587a,L3,Item,716565fa-19ab-4020-8370-673162b3c332
f5155700-73f3-4394-b6a5-da30d69782ea,L3,Item,716565fa-19ab-4020-8370-673162b3c332
2d0d4ce3-21f1-47b1-a9ba-e99617bd0031,L3,Item,716565fa-19ab-4020-8370-673162b3c332
39c47551-89a7-45de-8d6a-5bcd2d43ac4c,L3,Item,716565fa-19ab-4020-8370-673162b3c332
796374d6-e515-4de5-b48e-28ca9dfc3605,L3,Item,716565fa-19ab-4020-8370-673162b3c332
106256b7-fb80-41aa-98b3-6eb7c897e90c,L3,Item,716565fa-19ab-4020-8370-673162b3c332
69dca8f7-3c8b-4d98-9d7a-0693f7cba9f4,L3,Item,716565fa-19ab-4020-8370-673162b3c332
6318cce6-ae0f-4b75-b4e6-384acea5fe30,L3,Item,716565fa-19ab-4020-8370-673162b3c332
7692fcc0-7a09-426b-92d8-509d5e3390f6,L3,Item,716565fa-19ab-4020-8370-673162b3c332
e459f68c-dbf8-4fd5-a090-46ef1374e579,L3,Item,716565fa-19ab-4020-8370-673162b3c332
c01732a6-185d-4ab4-a1e0-f772e71cffc4,L3,Item,716565fa-19ab-4020-8370-673162b3c332
d1b8e716-8158-4496-bd38-bd35107af80d,L3,Item,716565fa-19ab-4020-8370-673162b3c332
6ff9b225-e82f-45da-b7a7-1bd41127a22b,L3,Item,716565fa-19ab-4020-8370-673162b3c332
f5f4cf33-3fb8-40fd-9c2c-671902e9e683,L3,Item,716565fa-19ab-4020-8370-673162b3c332
7109bc79-9f4d-41c1-8c2c-4366da6beb6b,L3,Item,716565fa-19ab-4020-8370-673162b3c332
35a9d641-b749-4a22-a71f-d44bb4bbefa5,L3,Item,716565fa-19ab-4020-8370-673162b3c332
0114b78b-6c51-4792-896c-5fc80047a70c,L3,Item,716565fa-19ab-4020-8370-673162b3c332
15a4c16c-c6db-4d2a-b184-f6c8a1f5e979,L3,Item,716565fa-19ab-4020-8370-673162b3c332
a6572b95-ad7e-4fc4-add3-5e57e057508e,L3,Item,716565fa-19ab-4020-8370-673162b3c332
1ed7b2b3-3ae7-49e0-abc2-f1c08dc0b434,L3,Item,716565fa-19ab-4020-8370-673162b3c332
25b5256c-9359-46ae-9cec-5a3688de6a58,L3,Item,716565fa-19ab-4020-8370-673162b3c332
1989a509-f3ee-4f50-9123-cde6665f31df,L3,Item,716565fa-19ab-4020-8370-673162b3c332
781a25c4-b301-481a-a71a-f14f4dc110ef,L3,Item,716565fa-19ab-4020-8370-673162b3c332
806a6f46-1205-4714-b40e-1bc93b64b32a,L3,Item,716565fa-19ab-4020-8370-673162b3c332
510bedee-7284-47ab-b133-91b3afe7800d,L3,Item,716565fa-19ab-4020-8370-673162b3c332
4fd8ae6d-1662-40de-90a5-3d1c80cc2a5b,L3,Item,716565fa-19ab-4020-8370-673162b3c332
bfbc9fee-4041-4c44-aab1-3a3ba0c03b18,L3,Item,716565fa-19ab-4020-8370-673162b3c332
50ce61ce-c63d-4c05-83fd-a870e9be4c54,L3,Item,716565fa-19ab-4020-8370-673162b3c332
53a7c7e8-041b-4021-afff-8e0cc0fe7a65,L3,Item,716565fa-19ab-4020-8370-673162b3c332
8da29be9-9482-4e80-87b1-0f8f5a28c410,L3,Item,716565fa-19ab-4020-8370-673162b3c332
a5fd4791-a141-45ab-8e18-140fda5b811d,L3,Item,716565fa-19ab-4020-8370-673162b3c332
8614ed2c-123e-4a65-8cbb-dd12b656e5f6,L3,Item,716565fa-19ab-4020-8370-673162b3c332
416113ab-f798-4baf-bad8-870aa3c48f3b,L3,Item,716565fa-19ab-4020-8370-673162b3c332
2d011c76-b8e0-4c1e-9da1-37ce0b23d610,L3,Item,716565fa-19ab-4020-8370-673162b3c332
e04309b4-aaa4-45c4-9775-d518e1768631,L3,Item,716565fa-19ab-4020-8370-673162b3c332
4356f8bb-41d8-4635-8dd4-86fb94d287ab,L3,Item,716565fa-19ab-4020-8370-673162b3c332
eb9bbc07-16cc-4b46-b508-4e820b94c5c4,L3,Item,716565fa-19ab-4020-8370-673162b3c332
fcdd5799-e020-454f-a505-65505b183424,L3,Item,716565fa-19ab-4020-8370-673162b3c332
d1f24dc9-acd0-4e3b-866a-baee80116e1a,L3,Item,716565fa-19ab-4020-8370-673162b3c332
5ef18c4f-968e-499c-998b-bfa2af6158ed,L3,Item,716565fa-19ab-4020-8370-673162b3c332
49ae555e-dda0-445c-89ef-4eeea954fb63,L3,Item,716565fa-19ab-4020-8370-673162b3c332
b42b17ca-ea45-4a9c-9160-8f8cd4e7a21f,L3,Item,716565fa-19ab-4020-8370-673162b3c332
75d0f4af-d821-48ae-8939-14dae4ae4ebb,L3,Item,716565fa-19ab-4020-8370-673162b3c332
6357fa0d-59db-4502-b360-4b36475a631a,L3,Item,716565fa-19ab-4020-8370-673162b3c332
fcd38ae8-bd75-440f-82ad-78a207955d32,L3,Item,716565fa-19ab-4020-8370-673162b3c332
f0320fe5-1ea7-4e6c-b996-6a47b40b6721,L3,Item,716565fa-19ab-4020-8370-673162b3c332
3f7abd16-c923-4691-bfde-f4ac116395aa,L3,Item,716565fa-19ab-4020-8370-673162b3c332
08b4cd2a-bd38-4310-8d5d-6693559f7543,L3,Item,716565fa-19ab-4020-8370-673162b3c332
291ef7c0-d8ee-4d56-b736-2194e7b816be,L3,Item,716565fa-19ab-4020-8370-673162b3c332
18c8f13d-bbde-4143-8a56-f3455a142d1a,L3,Item,716565fa-19ab-4020-8370-673162b3c332
39cb8947-5ee9-41f7-86eb-46359d0a64b7,L3,Item,716565fa-19ab-4020-8370-673162b3c332
e5d71586-2ce5-4201-bcee-4ff1659f29dc,L3,Item,716565fa-19ab-4020-8370-673162b3c332
affb964f-9682-4021-ab6a-2c3549b1f3d3,L3,Item,716565fa-19ab-4020-8370-673162b3c332
c8795aca-cf91-4d37-aa48-50f86777900d,L3,Item,716565fa-19ab-4020-8370-673162b3c332
0836f193-e583-4372-acb0-7842377866ea,L3,Item,716565fa-19ab-4020-8370-673162b3c332
03712b34-56ce-4fa8-90c8-5d66947ee199,L3,Item,716565fa-19ab-4020-8370-673162b3c332
a3471808-f261-4dea-8e2d-fe0ab3b68b79,L3,Item,716565fa-19ab-4020-8370-673162b3c332
66f1304f-3fb3-4651-a0af-6a095a4d64d8,L3,Item,716565fa-19ab-4020-8370-673162b3c332
b032db1d-4c08-489e-bdfb-470a8a8d8232,L3,Item,716565fa-19ab-4020-8370-673162b3c332
fef0ca0d-a697-4cb8-a729-9f431e243ba5,L3,Item,716565fa-19ab-4020-8370-673162b3c332
a0c2ec85-0907-4a21-ac07-ee50e02cc6e5,L3,Item,716565fa-19ab-4020-8370-673162b3c332
b6652bf4-05c3-401d-94d6-1b385883e738,L3,Item,716565fa-19ab-4020-8370-673162b3c332
80225c13-27dc-44c1-8a61-911dc153d706,L3,Item,716565fa-19ab-4020-8370-673162b3c332
b7a97db8-6bac-4a00-b382-7aab18963a47,L3,Item,716565fa-19ab-4020-8370-673162b3c332
ab080a4a-5373-4b21-bc41-9ca7f8f64eb4,L3,Item,716565fa-19ab-4020-8370-673162b3c332
d8c5ae2c-cd6c-4e7d-a03e-75da8d667d6e,L3,Item,716565fa-19ab-4020-8370-673162b3c332
8318d503-4b61-4130-be25-029cb488fe8e,L3,Item,716565fa-19ab-4020-8370-673162b3c332
c886a0ac-c428-42bd-b50a-74853b9b34d6,L3,Item,716565fa-19ab-4020-8370-673162b3c332
02ce7429-bfcf-43b5-9bcf-e0bc6bf45fc5,L3,Item,716565fa-19ab-4020-8370-673162b3c332
5a7db0ba-89bf-410f-b911-4c97578b13f7,L3,Item,716565fa-19ab-4020-8370-673162b3c332
66c93c58-ea49-4077-aa1f-6d213c8c577c,L3,Item,716565fa-19ab-4020-8370-673162b3c332
7f78fbdb-3f3a-4cd7-828b-28a1880a6624,L3,Item,716565fa-19ab-4020-8370-673162b3c332
92916aaa-e33e-4d4c-8b60-d772ae443e4d,L3,Item,716565fa-19ab-4020-8370-673162b3c332
01eacb9e-2397-4f3f-9627-6903386c2238,L3,Item,716565fa-19ab-4020-8370-673162b3c332
cb8e1cc0-c764-42ee-9712-13d0a7ca0c76,L3,Item,716565fa-19ab-4020-8370-673162b3c332
c1989d05-e4dc-4672-991d-4cf3a6e02f35,L3,Item,716565fa-19ab-4020-8370-673162b3c332
fe4d81f8-b8ec-4c14-8e4c-2c0792531787,L3,Item,716565fa-19ab-4020-8370-673162b3c332
11b5811a-2ee2-4408-92dd-335079d1e08c,L3,Item,716565fa-19ab-4020-8370-673162b3c332
a1036969-4f72-49a1-bbc1-af1a5c65fb81,L3,Item,716565fa-19ab-4020-8370-673162b3c332
5e6e6241-2de5-482b-8006-eaa5177ac7d7,L3,Item,716565fa-19ab-4020-8370-673162b3c332
a9d84802-e9ff-4488-965d-874c11533387,L3,Item,716565fa-19ab-4020-8370-673162b3c332
a4c067e3-1a11-4970-ade5-27b686363a26,L3,Item,716565fa-19ab-4020-8370-673162b3c332
eb7a0d37-6a49-4188-8101-b7b6e54d4797,L3,Item,716565fa-19ab-4020-8370-673162b3c332
e396326f-61bd-4ae1-aa9f-eb6d21900942,L3,Item,716565fa-19ab-4020-8370-673162b3c332
579114b9-c163-4fa2-8a0c-10e648139b4c,L3,Item,716565fa-19ab-4020-8370-673162b3c332
246af0fd-a3e8-4c7a-a16a-5da9de0d2c0f,L3,Item,716565fa-19ab-4020-8370-673162b3c332
f28785a0-d1c8-4031-8d11-a1211e185a92,L3,Item,716565fa-19ab-4020-8370-673162b3c332
cf7f293e-6b58-48bd-8057-46283845d9a9,L3,Item,716565fa-19ab-4020-8370-673162b3c332
beb560f7-d119-44ff-8c5d-9f48a0ecee87,L3,Item,716565fa-19ab-4020-8370-673162b3c332
c290c285-a1ee-4a44-b213-77b319e33879,L3,Item,716565fa-19ab-4020-8370-673162b3c332
83133247-240a-40ca-ad86-d9afb9cff743,L3,Item,716565fa-19ab-4020-8370-673162b3c332
f4cbc7a6-b026-4bfd-9634-6479ed559112,L3,Item,716565fa-19ab-4020-8370-673162b3c332
4a494521-0ab0-40f5-a26b-6780371eadd9,L3,Item,716565fa-19ab-4020-8370-673162b3c332
6c519e5f-969a-460b-9b43-0d5c0fb26321,L3,Item,716565fa-19ab-4020-8370-673162b3c332
2bc0526f-187b-4e31-835f-cd422d0a4c49,L3,Item,716565fa-19ab-4020-8370-673162b3c332
453a6d74-d0d3-4984-8d24-0ba91dbd76f0,L3,Item,716565fa-19ab-4020-8370-673162b3c332
0c22f823-fd18-4928-b42f-23c3392c13a3,L3,Item,716565fa-19ab-4020-8370-673162b3c332
72dd6ced-eac1-4bed-aeb1-d8f7b3cd64f5,L3,Item,716565fa-19ab-4020-8370-673162b3c332
6c7e11b4-f562-402d-9a18-8a4762b0f4d4,L3,Item,716565fa-19ab-4020-8370-673162b3c332
271cc733-1ff1-4edc-a12c-d622b308a4eb,L3,Item,716565fa-19ab-4020-8370-673162b3c332
41cff017-6eaf-47ad-97c7-590408a5e038,L3,Item,716565fa-19ab-4020-8370-673162b3c332
e0bfed7d-e236-4d55-b63c-1e230a648058,L3,Item,716565fa-19ab-4020-8370-673162b3c332
2b15f219-5988-435e-97de-02eefe348f3d,L3,Item,716565fa-19ab-4020-8370-673162b3c332
3e612f45-8091-4e92-af1e-b02d07faaea5,L3,Item,716565fa-19ab-4020-8370-673162b3c332
896295bb-23c8-4901-b420-85200dc31f19,L3,Item,716565fa-19ab-4020-8370-673162b3c332
408cd5f7-38d3-4c63-8478-07eddd576cc9,L3,Item,716565fa-19ab-4020-8370-673162b3c332
f0131627-fad8-4d31-8f39-e6cb41c115ea,L3,Item,716565fa-19ab-4020-8370-673162b3c332
fcb649b1-dbfb-4df5-b448-757424219508,L3,Item,716565fa-19ab-4020-8370-673162b3c332
fc358ce9-2ebc-4354-b323-9f580413a870,L3,Item,716565fa-19ab-4020-8370-673162b3c332
33aa36b8-8d48-4fdc-a504-72f1464f010b,L3,Item,716565fa-19ab-4020-8370-673162b3c332
8560b033-c15c-40cb-b846-be8231c3865a,L3,Item,716565fa-19ab-4020-8370-673162b3c332
fb2dfcf9-e9d8-431b-97e3-6c8a65977572,L3,Item,716565fa-19ab-4020-8370-673162b3c332
b49a39e6-85c8-4986-ba10-026ca9a57ac9,L3,Item,716565fa-19ab-4020-8370-673162b3c332
44ba51f8-a872-4830-9144-afe87c30f064,L3,Item,716565fa-19ab-4020-8370-673162b3c332
19dd6c9b-2782-4710-9c44-f9c6244e8d74,L3,Item,716565fa-19ab-4020-8370-673162b3c332
317f349c-382d-4646-b84c-24804983c6b3,L3,Item,716565fa-19ab-4020-8370-673162b3c332
1e1e9c86-e11b-46d3-bdd2-49ee114dccd2,L3,Item,716565fa-19ab-4020-8370-673162b3c332
bba9ab8c-0bae-4164-85db-76cc407a1951,L3,Item,716565fa-19ab-4020-8370-673162b3c332
af2d2cbf-36fa-4bf5-82e3-c425bd699d43,L3,Item,716565fa-19ab-4020-8370-673162b3c332
b16f4942-5cb2-4b89-b9b5-bb86885ca2c5,L3,Item,716565fa-19ab-4020-8370-673162b3c332
fae56a4d-50cc-4740-ab99-6c719e8bc63e,L3,Item,716565fa-19ab-4020-8370-673162b3c332
a2757bf5-18d7-4dcb-9777-7a2dacf31e9a,L3,Item,716565fa-19ab-4020-8370-673162b3c332
52692c88-50d6-4537-928b-d8594d825cca,L3,Item,716565fa-19ab-4020-8370-673162b3c332
2063072b-e904-4b47-81b0-ddd231eca210,L3,Item,716565fa-19ab-4020-8370-673162b3c332
1fe54303-bbf2-409f-b587-6c1820ce94c2,L3,Item,716565fa-19ab-4020-8370-673162b3c332
1b7b65c7-0013-4248-bb29-5c830d6a82c6,L3,Item,716565fa-19ab-4020-8370-673162b3c332
08538521-6e72-43d5-8e50-21a7116201c3,L3,Item,716565fa-19ab-4020-8370-673162b3c332
7694a7b2-28db-4fc7-8f95-b11330033742,L3,Item,716565fa-19ab-4020-8370-673162b3c332
1f5fb39a-f948-47c9-811d-e48151326a6d,L3,Item,716565fa-19ab-4020-8370-673162b3c332
9d6e9c4c-cfe0-4a46-9e78-9282da100309,L3,Item,716565fa-19ab-4020-8370-673162b3c332
d68012ec-6fad-4909-9de1-333161c49d19,L3,Item,716565fa-19ab-4020-8370-673162b3c332
8f21ca0b-48be-443e-9dc8-197e05013449,L3,Item,716565fa-19ab-4020-8370-673162b3c332
8d1e0c62-5330-4dc5-b784-44e10d78a222,L3,Item,716565fa-19ab-4020-8370-673162b3c332
9c5fbaf4-3b5f-47e2-9951-a4f82e57bc72,L3,Item,716565fa-19ab-4020-8370-673162b3c332
bbe5825c-83ae-48be-8392-0d2b7b57916c,L3,Item,716565fa-19ab-4020-8370-673162b3c332
7f391a1c-418e-4640-8df3-ba22c6bf2d55,L3,Item,716565fa-19ab-4020-8370-673162b3c332
36437d04-931e-4e8a-8cec-1345d68989e6,L3,Item,716565fa-19ab-4020-8370-673162b3c332
e5e8110c-ca40-404e-a4c7-9fb05546d8a0,L3,Item,716565fa-19ab-4020-8370-673162b3c332
6dfb3c2e-3577-40d8-ad42-e9cb6fc23d18,L3,Item,716565fa-19ab-4020-8370-673162b3c332
bdae9dd4-41f7-47c1-bbec-af4365579772,L3,Item,716565fa-19ab-4020-8370-673162b3c332
1e81e2e9-0447-4525-9e0d-1289ca3810ee,L3,Item,716565fa-19ab-4020-8370-673162b3c332
3bb6b253-1458-4630-b5f3-b17d9938d151,L3,Item,716565fa-19ab-4020-8370-673162b3c332
f5c693df-75a5-42ba-99a8-bd7e6102d8bf,L3,Item,716565fa-19ab-4020-8370-673162b3c332
2b33c5a9-bf7f-4550-910b-96aa37013fa3,L3,Item,716565fa-19ab-4020-8370-673162b3c332
ae824453-d3ad-4ab9-b64b-f6e6afff4fb8,L3,Item,716565fa-19ab-4020-8370-673162b3c332
860af3d1-b2db-4362-b20c-9fbe40777583,L3,Item,716565fa-19ab-4020-8370-673162b3c332
755a3590-ba1d-4399-85a4-5dbe6265cdf8,L3,Item,716565fa-19ab-4020-8370-673162b3c332
9f9a9254-e542-4eb4-9636-a880ff5016cd,L3,Item,716565fa-19ab-4020-8370-673162b3c332
e8e630b9-cfb4-482c-99de-8c9a7b5265d5,L3,Item,716565fa-19ab-4020-8370-673162b3c332
98816e6e-8a73-4165-a594-820c2ea0215f,L3,Item,716565fa-19ab-4020-8370-673162b3c332
9caf6878-4a70-42aa-8545-d49d1e628048,L3,Item,716565fa-19ab-4020-8370-673162b3c332
888c5e6d-431d-4920-b0ab-b2d517db992f,L3,Item,716565fa-19ab-4020-8370-673162b3c332
2ff8b3fd-7cdb-4cbb-bf3a-d9e170f91531,L3,Item,716565fa-19ab-4020-8370-673162b3c332
924e7cb4-6019-4396-8971-76c901241571,L3,Item,716565fa-19ab-4020-8370-673162b3c332
cde0e2ad-86f4-443c-863f-8c1965467a45,L3,Item,716565fa-19ab-4020-8370-673162b3c332
da0247f9-ba66-42ca-82f7-e4b4c2878bcd,L3,Item,716565fa-19ab-4020-8370-673162b3c332
fb9cada2-8ee4-4f01-9e10-e00570b8fdec,L3,Item,716565fa-19ab-4020-8370-673162b3c332
d18ec9cc-4460-4608-b8f4-dcc6cd3cc190,L3,Item,716565fa-19ab-4020-8370-673162b3c332
4339d1c0-b952-4904-b496-eed4e884f231,L3,Item,716565fa-19ab-4020-8370-673162b3c332
ed27e779-fa22-4890-aea5-78c139bc7ee9,L3,Item,716565fa-19ab-4020-8370-673162b3c332
416584dd-29d4-4d0d-a574-8b12b05649b2,L3,Item,716565fa-19ab-4020-8370-673162b3c332
6b294eca-1c7c-4479-a324-04aa1a7ab524,L3,Item,716565fa-19ab-4020-8370-673162b3c332
436a7b65-99a0-486c-ac67-0d2b82d9b15a,L3,Item,716565fa-19ab-4020-8370-673162b3c332
c8eb2da9-65d7-413b-9fae-ebbba954c57e,L3,Item,716565fa-19ab-4020-8370-673162b3c332
743ae4c9-78b1-4ceb-92d6-9bc0215ccbf2,L3,Item,716565fa-19ab-4020-8370-673162b3c332
673c40b3-96b3-4ba8-aafc-f16bf6c81c1f,L3,Item,716565fa-19ab-4020-8370-673162b3c332
d43c909f-2b1d-4125-a612-0c4e0c43ac9c,L3,Item,716565fa-19ab-4020-8370-673162b3c332
13da172a-e4a4-4f85-84f2-5b9569f70a96,L3,Item,716565fa-19ab-4020-8370-673162b3c332
b130b86f-6a0e-4204-b5c0-a3a8805bdf30,L3,Item,716565fa-19ab-4020-8370-673162b3c332
f07c7c42-6712-48c1-8bf2-cabe7a454eb4,L3,Item,716565fa-19ab-4020-8370-673162b3c332
f7a6050e-6c53-4410-83d2-873ea143bebe,L3,Item,716565fa-19ab-4020-8370-673162b3c332
caceefd6-5961-46cd-a3ee-005bb0e8830a,L3,Item,716565fa-19ab-4020-8370-673162b3c332
8f72ba5a-0746-4e89-9117-7c4c8938c134,L3,Item,716565fa-19ab-4020-8370-673162b3c332
b28668fb-0814-4ab3-8f03-911010604695,L3,Item,716565fa-19ab-4020-8370-673162b3c332
f71330b1-ed52-4af7-b3f0-236b26dbec75,L3,Item,716565fa-19ab-4020-8370-673162b3c332
a6da1ded-d4db-4203-ba8e-ebb3ea609ac4,L3,Item,716565fa-19ab-4020-8370-673162b3c332
824a8134-0285-46da-a8d3-2d2ebed1cff1,L3,Item,716565fa-19ab-4020-8370-673162b3c332
fccb5358-8018-441e-9f73-39149cd674a0,L3,Item,716565fa-19ab-4020-8370-673162b3c332
b5f2e7ad-0593-4f3d-b5cb-3a3da2d418cc,L3,Item,716565fa-19ab-4020-8370-673162b3c332
f0588639-a97b-42f4-9513-b93a79ea7871,L3,Item,716565fa-19ab-4020-8370-673162b3c332
a5ed29c8-dbb0-4331-9eb4-48f1b29cc017,L3,Item,716565fa-19ab-4020-8370-673162b3c332
d904216e-ba51-4c68-84ed-202ef567d58b,L3,Item,716565fa-19ab-4020-8370-673162b3c332
4551c0b6-9314-4ffd-9937-d467791ec194,L3,Item,716565fa-19ab-4020-8370-673162b3c332
bdec6e6c-102c-425c-89a6-1ae07cbef949,L3,Item,716565fa-19ab-4020-8370-673162b3c332
74a3c673-3ba8-46ac-aa03-ff9c03fe963c,L3,Item,716565fa-19ab-4020-8370-673162b3c332
80452684-3797-439a-bd58-c92aa8c12a85,L3,Item,716565fa-19ab-4020-8370-673162b3c332
3bf1260e-c8ec-4fcd-82f0-4296c63ee6b6,L3,Item,716565fa-19ab-4020-8370-673162b3c332
3dc2f777-3f15-4af9-8e63-cc8c13bced97,L3,Item,716565fa-19ab-4020-8370-673162b3c332
d8b4c3c9-226e-427f-abdc-99e64533e3e2,L3,Item,716565fa-19ab-4020-8370-673162b3c332
cf5a1346-5e24-480e-aa6b-232925977481,L3,Item,716565fa-19ab-4020-8370-673162b3c332
e91770eb-c9e8-4742-bb20-f3fb0833dfd4,L3,Item,716565fa-19ab-4020-8370-673162b3c332
c6d7a5f9-572d-4c9a-82f4-e4d743037a0c,L3,Item,716565fa-19ab-4020-8370-673162b3c332
f4c316a6-901a-4c21-8815-d305b7720a4d,L3,Item,716565fa-19ab-4020-8370-673162b3c332
d57c9404-e7d6-4d14-8e07-8fd9b1990804,L3,Item,716565fa-19ab-4020-8370-673162b3c332
a4c40988-7a3c-44ed-82b5-4deaa7a364b2,L3,Item,716565fa-19ab-4020-8370-673162b3c332
10c4a553-25df-4742-8168-eed2ea5fb896,L3,Item,716565fa-19ab-4020-8370-673162b3c332
58097e4c-10f9-4829-a980-60fbb35c12e6,L3,Item,716565fa-19ab-4020-8370-673162b3c332
0e84c268-7143-4009-a2c8-827494f82017,L3,Item,716565fa-19ab-4020-8370-673162b3c332
777673d2-c2d9-47c4-a9c7-650efd092789,L3,Item,716565fa-19ab-4020-8370-673162b3c332
cacea9b3-5dec-4008-9935-381bc40c12fe,L3,Item,716565fa-19ab-4020-8370-673162b3c332
bb4f7e4b-26ed-4ed9-8dcb-2ceb3d88f5ff,L3,Item,716565fa-19ab-4020-8370-673162b3c332
b0a65656-3908-4360-9c8a-4bce35c65b96,L3,Item,716565fa-19ab-4020-8370-673162b3c332
1257f9bb-26ef-4bb4-aa6b-76dfe28ab530,L3,Item,716565fa-19ab-4020-8370-673162b3c332
b9a2ce28-db54-4aba-99c9-26a05b32d6d1,L3,Item,716565fa-19ab-4020-8370-673162b3c332
ba8d3806-5f8e-4979-9202-c44f92ff0dcc,L3,Item,716565fa-19ab-4020-8370-673162b3c332
0eccd002-c51d-4afc-8dff-585d11a6e931,L3,Item,716565fa-19ab-4020-8370-673162b3c332
780162e9-04e9-41f6-91f9-864291c74e0a,L3,Item,716565fa-19ab-4020-8370-673162b3c332
1cc588f5-b97b-48e2-b94c-3f1a807ce4d2,L3,Item,716565fa-19ab-4020-8370-673162b3c332
32315789-b986-41cf-bf66-aead082a542e,L3,Item,716565fa-19ab-4020-8370-673162b3c332
f9ee3cfc-c192-4a61-a8fe-b32c479bc6a1,L3,Item,716565fa-19ab-4020-8370-673162b3c332
b4e811a3-fe0f-49af-8a80-8978d312fbc3,L3,Item,716565fa-19ab-4020-8370-673162b3c332
40246f81-83ce-4567-abaa-005e0eff106c,L3,Item,716565fa-19ab-4020-8370-673162b3c332
aa3477d0-f66b-450b-bb60-d042b813723a,L3,Item,716565fa-19ab-4020-8370-673162b3c332
c2542a4f-4b2d-4bb3-84f8-92b53b654a68,L3,Item,716565fa-19ab-4020-8370-673162b3c332
2f390164-ba73-41ae-8a69-5c205318be74,L3,Item,716565fa-19ab-4020-8370-673162b3c332
5e564dcc-7ba7-4044-88ff-0a56bcfd4b06,L3,Item,716565fa-19ab-4020-8370-673162b3c332
b58ade97-32e4-4d60-964a-c5050f2882e7,L3,Item,716565fa-19ab-4020-8370-673162b3c332
c32ef29c-ef33-40c6-aaeb-5edcb4f1359e,L3,Item,716565fa-19ab-4020-8370-673162b3c332
2f28c080-74f1-4d59-81a9-5eb1aae893c8,L3,Item,716565fa-19ab-4020-8370-673162b3c332
e8c8d9c4-ba83-48c1-8e21-505e459630e5,L3,Item,716565fa-19ab-4020-8370-673162b3c332
283074b2-9ef2-40b6-9224-acc63e4abcea,L3,Item,716565fa-19ab-4020-8370-673162b3c332
dab6d73c-0d20-40f3-b167-69b0946e7d1c,L3,Item,716565fa-19ab-4020-8370-673162b3c332
36318b09-59af-40fe-90aa-3959257856ab,L3,Item,716565fa-19ab-4020-8370-673162b3c332
8cc4260b-df60-4236-aef2-d4fe7fea2bf0,L3,Item,716565fa-19ab-4020-8370-673162b3c332
f7f553f8-6886-431d-afb1-dbbbe742cf49,L3,Item,716565fa-19ab-4020-8370-673162b3c332
2ef82b4f-75bb-4ee2-a6a1-dc0af36b687e,L3,Item,716565fa-19ab-4020-8370-673162b3c332
2e2b9cb1-5933-4472-ada2-073bf5aae714,L3,Item,716565fa-19ab-4020-8370-673162b3c332
515b84bd-4e7c-4426-b6a9-c1a03d3f1b33,L3,Item,716565fa-19ab-4020-8370-673162b3c332
24473caf-6f02-4558-8d86-51526778f9ae,L3,Item,716565fa-19ab-4020-8370-673162b3c332
c2ce7efd-53ae-4570-bb0d-8a1b4be773bc,L3,Item,716565fa-19ab-4020-8370-673162b3c332
67f04675-094e-4364-a49a-342e6f9c205d,L3,Item,716565fa-19ab-4020-8370-673162b3c332
b9dc0122-af04-4253-857f-6b2b15b3b371,L3,Item,716565fa-19ab-4020-8370-673162b3c332
3bd6d4a6-75b2-4875-ab5d-96e8f5e0db61,L3,Item,716565fa-19ab-4020-8370-673162b3c332
ed790f48-7e36-4ad8-8f16-5c452208abbc,L3,Item,716565fa-19ab-4020-8370-673162b3c332
4d1524e6-4608-4fa9-9d7c-1e91263fa1b3,L3,Item,716565fa-19ab-4020-8370-673162b3c332
a7e8862c-1219-42a1-8fee-75c8b050c48d,L3,Item,716565fa-19ab-4020-8370-673162b3c332
f721fea0-3546-4b5d-b093-565cbb7e9c1d,L3,Item,716565fa-19ab-4020-8370-673162b3c332
02eed4c9-4ccf-4d3c-94a4-256e22d1fa19,L3,Item,716565fa-19ab-4020-8370-673162b3c332
b6446fc1-db8c-48bf-b6f0-4277142d569a,L3,Item,716565fa-19ab-4020-8370-673162b3c332
3f7057b5-6cd6-458c-abe6-5470dc81c0e2,L3,Item,716565fa-19ab-4020-8370-673162b3c332
c6581768-e90c-4cde-be47-e44c820f9cdc,L3,Item,716565fa-19ab-4020-8370-673162b3c332
a89a6370-11ea-4445-87e0-624907741781,L3,Item,716565fa-19ab-4020-8370-673162b3c332
108702d9-a147-4204-a93e-47ce1371c412,L3,Item,716565fa-19ab-4020-8370-673162b3c332
4b4da4a8-fd7f-4b43-98f8-88ee1f92b075,L3,Item,716565fa-19ab-4020-8370-673162b3c332
e9e2d799-938f-44fe-8a7d-3272966a60e2,L3,Item,716565fa-19ab-4020-8370-673162b3c332
2f2a9d44-1730-488e-8778-1b2f5ac44480,L3,Item,716565fa-19ab-4020-8370-673162b3c332
6311e693-cf7b-4465-a445-5998b3f1aa08,L3,Item,716565fa-19ab-4020-8370-673162b3c332
7fa3c0a3-780a-4010-b121-d52d25ba0920,L3,Item,716565fa-19ab-4020-8370-673162b3c332
3ea79dae-bb31-4453-9e0f-10bd83cec47d,L3,Item,716565fa-19ab-4020-8370-673162b3c332
215bfe64-541f-43a3-aa12-e977623fefe9,L3,Item,716565fa-19ab-4020-8370-673162b3c332
62b97b75-0379-453d-9eb1-08d0aff80c9d,L3,Item,716565fa-19ab-4020-8370-673162b3c332
52d6265a-ccb5-4b67-ba6c-798ef5dbf122,L3,Item,716565fa-19ab-4020-8370-673162b3c332
a570b84b-4657-46d5-bb31-7f5bf14b420a,L3,Item,716565fa-19ab-4020-8370-673162b3c332
9c485099-1e77-4b3f-8568-4abdd0c9e86d,L3,Item,716565fa-19ab-4020-8370-673162b3c332
e94af438-926d-44f6-abd6-7727815ec68c,L3,Item,716565fa-19ab-4020-8370-673162b3c332
12ea83cc-e4a1-4926-9ed8-a4c0f6ab96d9,L3,Item,716565fa-19ab-4020-8370-673162b3c332
3ca5c2c0-852c-4c2b-b4ed-ddd2a159fe01,L3,Item,716565fa-19ab-4020-8370-673162b3c332
28d06e5c-4508-4466-a2d8-887295756994,L3,Item,716565fa-19ab-4020-8370-673162b3c332
5fbe0ce0-5aec-469e-9641-d2fcb09989c1,L3,Item,716565fa-19ab-4020-8370-673162b3c332
03f96376-bee3-4ea4-8db1-90ef1a5fe39c,L3,Item,716565fa-19ab-4020-8370-673162b3c332
001a8392-1de2-4a4f-85b6-642e94712a8b,L3,Item,716565fa-19ab-4020-8370-673162b3c332
e6093c75-a993-4311-9be1-9cee0a137dfc,L3,Item,716565fa-19ab-4020-8370-673162b3c332
41e8abea-a576-4833-b89e-95b36496f502,L3,Item,716565fa-19ab-4020-8370-673162b3c332
d6dce555-ab73-4ff1-8e3b-5396380d3a14,L3,Item,716565fa-19ab-4020-8370-673162b3c332
520e1a35-2c6c-4878-88a0-f447f0c3b9c2,L3,Item,716565fa-19ab-4020-8370-673162b3c332
25543247-3955-405c-86aa-85c6947abdd2,L3,Item,716565fa-19ab-4020-8370-673162b3c332
9030362b-65ae-4bab-af2e-a702e775cc38,L3,Item,716565fa-19ab-4020-8370-673162b3c332
10ff4165-d25c-4aff-ade3-2cc291a267d7,L3,Item,716565fa-19ab-4020-8370-673162b3c332
bc21cf4c-f38b-48e4-b34a-ea8c25021fda,L3,Item,716565fa-19ab-4020-8370-673162b3c332
c5f1d1db-675b-44c9-a5f9-63278b0ecff6,L3,Item,716565fa-19ab-4020-8370-673162b3c332
fb8ce97d-e58f-45b1-8564-3c4111e3f835,L3,Item,716565fa-19ab-4020-8370-673162b3c332
369fe9c3-07c5-40b6-bd8e-98896b4f5199,L3,Item,716565fa-19ab-4020-8370-673162b3c332
a240a907-30d0-4e53-88ff-e2c0f4274731,L3,Item,716565fa-19ab-4020-8370-673162b3c332
4baae516-832f-4941-af93-75b3aae90517,L3,Item,716565fa-19ab-4020-8370-673162b3c332
1afdb6d6-9627-4da2-9d04-55edfddf794f,L3,Item,716565fa-19ab-4020-8370-673162b3c332
4223e7e3-e068-4760-9c62-65d8b0155862,L3,Item,716565fa-19ab-4020-8370-673162b3c332
124f64c5-2a97-4be0-9e38-89559f0b3306,L3,Item,716565fa-19ab-4020-8370-673162b3c332
9e09f86c-558a-4355-9090-7e24410f5b18,L3,Item,716565fa-19ab-4020-8370-673162b3c332
a42c1f4b-ebeb-4115-a74f-731a4823bd3e,L3,Item,716565fa-19ab-4020-8370-673162b3c332
11ba2a78-0b6e-4a68-aba1-b066ff887c80,L3,Item,716565fa-19ab-4020-8370-673162b3c332
9fde696c-9673-4548-a2ca-5e92386ce4c4,L3,Item,716565fa-19ab-4020-8370-673162b3c332
fd2b3508-9df6-45dc-b129-1d80c653f6b0,L3,Item,716565fa-19ab-4020-8370-673162b3c332
29923741-8f09-43dc-a2e9-274f3c9c97c2,L3,Item,716565fa-19ab-4020-8370-673162b3c332
3616319b-859d-4e0d-8a4b-2fd9bedc911c,L3,Item,716565fa-19ab-4020-8370-673162b3c332
9b5e36c6-8b13-458b-8618-c2e1c4222a68,L3,Item,716565fa-19ab-4020-8370-673162b3c332
f8ddc262-09f9-4d35-b07c-53e4dcac723c,L3,Item,716565fa-19ab-4020-8370-673162b3c332
b8adc6e3-5993-47fd-9676-06d4f26290e5,L3,Item,716565fa-19ab-4020-8370-673162b3c332
9d03a8b7-e875-4ce8-902b-bf198c35d575,L3,Item,716565fa-19ab-4020-8370-673162b3c332
97925f55-3c53-4a20-b901-7ee453a44c21,L3,Item,716565fa-19ab-4020-8370-673162b3c332
3c54f7ac-ea51-48fb-9075-74a947631e62,L3,Item,716565fa-19ab-4020-8370-673162b3c332
103d96bf-d529-471d-9366-1b077fec4e91,L3,Item,716565fa-19ab-4020-8370-673162b3c332
c76710bd-a301-4e15-9c79-12dffd703d51,L3,Item,716565fa-19ab-4020-8370-673162b3c332
c452bf65-53e6-4a3d-9d93-ec26da02bf53,L3,Item,716565fa-19ab-4020-8370-673162b3c332
8220d1b9-e4dc-4b00-b200-bdcd25a51cba,L3,Item,716565fa-19ab-4020-8370-673162b3c332
fb92ec17-b215-4a4c-890c-b8c000eef39a,L3,Item,716565fa-19ab-4020-8370-673162b3c332
96555e9f-1744-4646-ba91-0bdab040bf57,L3,Item,716565fa-19ab-4020-8370-673162b3c332
8bbb56c1-8332-447d-b201-ba1b0d63646f,L3,Item,716565fa-19ab-4020-8370-673162b3c332
af17b555-ff3e-42e6-bec5-352fa93d8b75,L3,Item,716565fa-19ab-4020-8370-673162b3c332
758faaf7-6970-435c-9d4d-fa39df2aae3f,L3,Item,716565fa-19ab-4020-8370-673162b3c332
63ec2243-2f8f-4c54-a917-bdbb97f01b9f,L3,Item,716565fa-19ab-4020-8370-673162b3c332
e7e8c7a5-1bb5-4924-9f69-76aa6a1f76b2,L3,Item,716565fa-19ab-4020-8370-673162b3c332
7e4d26b1-59eb-40b4-b2e1-637de26774ff,L3,Item,716565fa-19ab-4020-8370-673162b3c332
1e2a9144-6a11-48e9-847a-b889069bcf84,L3,Item,716565fa-19ab-4020-8370-673162b3c332
00f6e225-29ea-4385-8081-8ab50d7fe3e3,L3,Item,716565fa-19ab-4020-8370-673162b3c332
7036a1d0-a427-4a48-8b67-b2950dd52cff,L3,Item,716565fa-19ab-4020-8370-673162b3c332
9a9f0005-887b-49d3-8be4-e310179e9de0,L3,Item,716565fa-19ab-4020-8370-673162b3c332
9de8a502-c6e6-4414-a84e-f187ec3214bf,L3,Item,716565fa-19ab-4020-8370-673162b3c332
c3432d32-637f-435c-b9c9-8494a5ff27c5,L3,Item,716565fa-19ab-4020-8370-673162b3c332
0f70e8b2-661e-4cba-8fc1-8148d6e58f16,L3,Item,716565fa-19ab-4020-8370-673162b3c332
756b9d70-4ac0-43c6-81bc-c4f8d7da3fc2,L3,Item,716565fa-19ab-4020-8370-673162b3c332
5bab734d-84d6-48c2-b152-265068532756,L3,Item,716565fa-19ab-4020-8370-673162b3c332
3832500d-51a1-498b-b440-8def2118db4b,L3,Item,716565fa-19ab-4020-8370-673162b3c332
25be1efc-4f29-4de2-becb-b6616be37387,L3,Item,716565fa-19ab-4020-8370-673162b3c332
8df224f4-013d-4138-9992-e3e5da286ba2,L3,Item,716565fa-19ab-4020-8370-673162b3c332
21af2dc3-c8b6-4361-8e14-df3354cf77f0,L3,Item,716565fa-19ab-4020-8370-673162b3c332
2d199d47-cf1d-46f5-bc83-b2db4ebfad3b,L3,Item,716565fa-19ab-4020-8370-673162b3c332
2fae7bef-9e09-40a0-b032-b0f44b242e4e,L3,Item,716565fa-19ab-4020-8370-673162b3c332
ac47a937-d59d-482e-aa76-7279438900d4,L3,Item,716565fa-19ab-4020-8370-673162b3c332
6b1547bd-21ec-4576-b0ea-ed7fb279c451,L3,Item,716565fa-19ab-4020-8370-673162b3c332
f532d102-1963-4362-9fa5-93959905d374,L3,Item,716565fa-19ab-4020-8370-673162b3c332
a60c2ff4-64f3-4743-90ae-ae864a79b344,L3,Item,716565fa-19ab-4020-8370-673162b3c332
e2f3f41f-d925-4742-aa3a-1a458c1b1c89,L3,Item,716565fa-19ab-4020-8370-673162b3c332
ebae9389-476d-4673-860f-4c3acf63911e,L3,Item,716565fa-19ab-4020-8370-673162b3c332
324919f5-b991-45e0-9d29-a6328bfa5472,L3,Item,716565fa-19ab-4020-8370-673162b3c332
2e0d73af-73df-4610-9dd6-0bb7a6140292,L3,Item,716565fa-19ab-4020-8370-673162b3c332
b6c3b00b-ea30-4e88-bc9f-a79eded618de,L3,Item,716565fa-19ab-4020-8370-673162b3c332
f0c2fd26-c6b7-4c8a-9fe8-fde80581d1be,L3,Item,716565fa-19ab-4020-8370-673162b3c332
b2802ac6-f146-4430-b8e7-e788b60d0319,L3,Item,716565fa-19ab-4020-8370-673162b3c332
2f638ed6-3f65-4119-abad-deb89fd5d0c4,L3,Item,716565fa-19ab-4020-8370-673162b3c332
e4c70012-2bbe-414b-90a8-37eaaf681205,L3,Item,716565fa-19ab-4020-8370-673162b3c332
bc438d6d-1c25-4fff-a8e8-62a1ae001ac3,L3,Item,716565fa-19ab-4020-8370-673162b3c332
ea4f1c69-3356-4740-be57-9f0af1dfeb85,L3,Item,716565fa-19ab-4020-8370-673162b3c332
ee906c1e-54bd-4a3e-b2b2-1cc70e79399f,L3,Item,716565fa-19ab-4020-8370-673162b3c332
a38263d2-b044-425b-9c39-c8340a24ee94,L3,Item,716565fa-19ab-4020-8370-673162b3c332
074c8e47-e236-4935-bc4c-360aba2fb8bb,L3,Item,716565fa-19ab-4020-8370-673162b3c332
7d8f116e-e087-4af7-bacb-1eb7d11033fb,L3,Item,716565fa-19ab-4020-8370-673162b3c332
2fa1e7d0-6855-45ee-bfd9-dc8e7a97dfcc,L3,Item,716565fa-19ab-4020-8370-673162b3c332
bbe29bfd-b35f-4388-9539-bc1c0be9c563,L3,Item,716565fa-19ab-4020-8370-673162b3c332
5b0c409c-8693-42f8-9c7d-7e7927d37761,L3,Item,716565fa-19ab-4020-8370-673162b3c332
9a46409e-b306-4477-af45-137cd4ddf4dc,L3,Item,716565fa-19ab-4020-8370-673162b3c332
26a488a6-522d-4c56-98fd-6c0f9c205d23,L3,Item,716565fa-19ab-4020-8370-673162b3c332
b6996ee7-12da-439a-8b2d-8136535555f5,L3,Item,716565fa-19ab-4020-8370-673162b3c332
00e005a7-961c-451c-be65-13b0d186cf8b,L3,Item,716565fa-19ab-4020-8370-673162b3c332
848590ec-4d1f-4511-9e90-c6c8778e48bf,L3,Item,716565fa-19ab-4020-8370-673162b3c332
95f431c9-0c82-47f2-9e60-d4c2c7111206,L3,Item,716565fa-19ab-4020-8370-673162b3c332
34f66a77-d5fb-4bd5-9e22-289f376e0d7b,L3,Item,716565fa-19ab-4020-8370-673162b3c332
1ee734dc-1665-4e1f-b52e-6a3f83afb21e,L3,Item,716565fa-19ab-4020-8370-673162b3c332
8f9ec6b5-236c-4966-9fd3-9c170b6b7e97,L3,Item,716565fa-19ab-4020-8370-673162b3c332
e638bcc3-afab-49f3-819d-e1bba9c163b9,L3,Item,716565fa-19ab-4020-8370-673162b3c332
f775928e-8ab5-4ed7-9cda-cf19d8e8838e,L3,Item,716565fa-19ab-4020-8370-673162b3c332
6241d55e-1814-4eb9-9843-5fe60b54ba01,L3,Item,716565fa-19ab-4020-8370-673162b3c332
d286880b-6026-4bef-876c-3ecef789fbb2,L3,Item,716565fa-19ab-4020-8370-673162b3c332
c6720e9d-672d-4d3a-801d-60ffe05b2898,L3,Item,716565fa-19ab-4020-8370-673162b3c332
5bc576aa-c0a9-4332-a70d-b79546de0b63,L3,Item,716565fa-19ab-4020-8370-673162b3c332
6ae5c3c6-8efc-4626-be1a-7425c52ff960,L3,Item,716565fa-19ab-4020-8370-673162b3c332
c113ad84-bffe-47d4-b8ef-fc50382ad8a8,L3,Item,716565fa-19ab-4020-8370-673162b3c332
b85b5970-1683-43e3-a026-f7863516e3ad,L3,Item,716565fa-19ab-4020-8370-673162b3c332
4cd1e686-5043-4036-85a4-f2e2dcd284a8,L3,Item,716565fa-19ab-4020-8370-673162b3c332
a8382757-6e77-478f-ad62-9644b1e7b2cd,L3,Item,716565fa-19ab-4020-8370-673162b3c332
0cd517ff-caf6-494a-bc71-97b1483e8159,L3,Item,716565fa-19ab-4020-8370-673162b3c332
125f55f3-30ce-4972-9339-5d6d11aacb95,L3,Item,716565fa-19ab-4020-8370-673162b3c332
8c03bebd-fcf4-4c53-b5d9-d2026284b7bf,L3,Item,716565fa-19ab-4020-8370-673162b3c332
67d28f7d-98cb-489c-92a7-c45248c421b9,L3,Item,716565fa-19ab-4020-8370-673162b3c332
1a80a153-5db0-4121-a2f5-4b0985ee791f,L3,Item,716565fa-19ab-4020-8370-673162b3c332
09dd6cdd-6003-4fbe-9d1c-1dfd8c70fca9,L3,Item,716565fa-19ab-4020-8370-673162b3c332
7e5f02e9-93a8-4566-b4e3-b2b273e3cb61,L3,Item,716565fa-19ab-4020-8370-673162b3c332
fb716177-91cf-4598-9eca-188d183f91d4,L3,Item,716565fa-19ab-4020-8370-673162b3c332
fa3da1e0-4d2d-4f48-ab09-7ed0263898ec,L3,Item,716565fa-19ab-4020-8370-673162b3c332
1b950a03-ef4f-44d7-adeb-a5c9fe94c6a6,L3,Item,716565fa-19ab-4020-8370-673162b3c332
2e5ea266-882c-4b27-ba63-f67d2c75082b,L3,Item,716565fa-19ab-4020-8370-673162b3c332
e4228bbf-0edd-44b8-9768-eed0103f1233,L3,Item,716565fa-19ab-4020-8370-673162b3c332
0b9481ba-8b8d-43e8-b2fc-f31c3f870525,L3,Item,716565fa-19ab-4020-8370-673162b3c332
db5f78a8-7f9a-4ce3-bffc-7237411a3564,L3,Item,716565fa-19ab-4020-8370-673162b3c332
b31b3a02-18aa-4c83-9aba-e12c4b4127f4,L3,Item,716565fa-19ab-4020-8370-673162b3c332
3dd34273-b9e1-46c6-b899-1e91b08fbeae,L3,Item,716565fa-19ab-4020-8370-673162b3c332
589ba173-235b-4963-a2af-062b3f535afd,L3,Item,716565fa-19ab-4020-8370-673162b3c332
7b92d9f6-8464-428f-8ae9-a44d42b848b5,L3,Item,716565fa-19ab-4020-8370-673162b3c332
67c1a93b-a91f-4380-965b-5ba8c21e504e,L3,Item,716565fa-19ab-4020-8370-673162b3c332
213d9008-0368-43ef-875c-2ead18bffb6e,L3,Item,716565fa-19ab-4020-8370-673162b3c332
e452e6f2-5366-4a1c-b704-7d8692d3f112,L3,Item,716565fa-19ab-4020-8370-673162b3c332
22ebb677-9466-4494-884a-fe93904939f0,L3,Item,716565fa-19ab-4020-8370-673162b3c332
7a203f9a-c176-4f8f-ac79-cdfa68f47ba7,L3,Item,716565fa-19ab-4020-8370-673162b3c332
d80e3eec-ac40-40b0-b875-cde8829fadd5,L3,Item,716565fa-19ab-4020-8370-673162b3c332
acdbf2b5-7493-404f-9606-375398bfcd75,L3,Item,716565fa-19ab-4020-8370-673162b3c332
4192e9e1-c743-4019-a916-ae65701c89e6,L3,Item,716565fa-19ab-4020-8370-673162b3c332
105f4d4e-3250-435f-8b68-d02a4956bd49,L3,Item,716565fa-19ab-4020-8370-673162b3c332
a7e9650f-3865-47e0-b478-43620ac75e83,L3,Item,716565fa-19ab-4020-8370-673162b3c332
e778c050-1f72-4216-83a2-ae5a5d75c522,L3,Item,716565fa-19ab-4020-8370-673162b3c332
426a758a-f91b-4db1-bd86-54ec8fc1d220,L3,Item,716565fa-19ab-4020-8370-673162b3c332
3b920faf-176a-4932-b922-86e95d3ae308,L3,Item,716565fa-19ab-4020-8370-673162b3c332
3cdf76da-1727-4d7f-b365-b8187bb6348c,L3,Item,716565fa-19ab-4020-8370-673162b3c332
350a5e31-a18d-4ec3-89bc-54e25a20038a,L3,Item,716565fa-19ab-4020-8370-673162b3c332
60f424a8-a71b-411e-b7dd-392092d13bd4,L3,Item,716565fa-19ab-4020-8370-673162b3c332
f1d1feea-7130-4227-8b7d-b621ce594d75,L3,Item,716565fa-19ab-4020-8370-673162b3c332
d81be2f9-3fa0-4b06-997a-0b73ed01c1ad,L3,Item,716565fa-19ab-4020-8370-673162b3c332
1b51929b-ec85-48a7-ae09-a36b007b589c,L3,Item,716565fa-19ab-4020-8370-673162b3c332
961a0e6f-c7ac-4ad6-9cbb-1dc3954c6ec6,L3,Item,716565fa-19ab-4020-8370-673162b3c332
0f5ef728-0511-4399-bb55-75d6f9a10960,L3,Item,716565fa-19ab-4020-8370-673162b3c332
eb09a3d0-eded-44f3-b548-052260c4663d,L3,Item,716565fa-19ab-4020-8370-673162b3c332
298e7998-4c66-414e-b83c-c3e336f19c97,L3,Item,716565fa-19ab-4020-8370-673162b3c332
09485603-a749-4cc5-bc67-8e4874a4dfe6,L3,Item,716565fa-19ab-4020-8370-673162b3c332
d1c14aee-8475-4f59-9ec8-41d614c73fec,L3,Item,716565fa-19ab-4020-8370-673162b3c332
67a68485-8d4c-46f1-8b5a-4217287cbeb4,L3,Item,716565fa-19ab-4020-8370-673162b3c332
ae2bd957-9b74-48f9-9bd5-1cee39eb4961,L3,Item,716565fa-19ab-4020-8370-673162b3c332
a3972a53-835d-4caf-ba94-927c7035cf1d,L3,Item,716565fa-19ab-4020-8370-673162b3c332
be7cecbf-fd2d-48ce-ae54-ef29209ad9b2,L3,Item,716565fa-19ab-4020-8370-673162b3c332
329b8eed-f373-4afe-bf8c-829e93afaf52,L3,Item,716565fa-19ab-4020-8370-673162b3c332
2d4947ea-1184-482e-8ea7-2aae5a4757bf,L3,Item,716565fa-19ab-4020-8370-673162b3c332
ca041404-63e6-4607-ae89-f615cc86966d,L3,Item,716565fa-19ab-4020-8370-673162b3c332
ffcfe182-1b8c-4a60-b10d-2bd42d8670dd,L3,Item,716565fa-19ab-4020-8370-673162b3c332
3639a859-e8b7-43f6-9d2b-97d74a04e3f1,L3,Item,716565fa-19ab-4020-8370-673162b3c332
d466f7d0-5fe5-4712-80cc-049e34dbed0a,L3,Item,716565fa-19ab-4020-8370-673162b3c332
998c61bb-dee5-4bb9-b42c-69ee783a9eda,L3,Item,716565fa-19ab-4020-8370-673162b3c332
11ba1a0e-7d3c-446a-8c98-eb25e341bb09,L3,Item,716565fa-19ab-4020-8370-673162b3c332
4ff68455-0c64-4518-bdeb-4023d1b5d58d,L3,Item,716565fa-19ab-4020-8370-673162b3c332
0b9d09ff-26ca-4492-a421-c313dbfe0119,L3,Item,716565fa-19ab-4020-8370-673162b3c332
2cc91a6e-b988-4f1d-8041-3c2134f3605c,L3,Item,716565fa-19ab-4020-8370-673162b3c332
7a9d10db-fa36-4fd7-aa5f-9a4035ca0363,L3,Item,716565fa-19ab-4020-8370-673162b3c332
6412360f-38ce-47a2-a30f-7ac5814b2054,L3,Item,716565fa-19ab-4020-8370-673162b3c332
87c646f9-f66c-465b-a628-d7653b62e472,L3,Item,716565fa-19ab-4020-8370-673162b3c332
df290ddc-cb69-44e8-aa64-25cb6a22b4c1,L3,Item,716565fa-19ab-4020-8370-673162b3c332
984568c5-3a03-4fc0-9be2-5b19d13a434d,L3,Item,716565fa-19ab-4020-8370-673162b3c332
504f790d-194d-4fe5-9cbb-b5a6bb3fe907,L3,Item,716565fa-19ab-4020-8370-673162b3c332
1111d018-7aed-4693-b8fc-90c8615d1c4a,L3,Item,716565fa-19ab-4020-8370-673162b3c332
df6a0751-195b-49c9-88db-896800516745,L3,Item,716565fa-19ab-4020-8370-673162b3c332
acb23ba9-2b55-43d2-b3fd-e23066a521b4,L3,Item,716565fa-19ab-4020-8370-673162b3c332
0763c5ad-a99a-4f8f-9928-609b10abe993,L3,Item,716565fa-19ab-4020-8370-673162b3c332
6376855b-e866-4bfa-9829-147b0c7d9c7a,L3,Item,716565fa-19ab-4020-8370-673162b3c332
560169e0-6802-4bcf-a0b3-0b827abeffb7,L3,Item,716565fa-19ab-4020-8370-673162b3c332
e245478d-1c30-4e9e-adc1-b1b5cadc2be2,L3,Item,716565fa-19ab-4020-8370-673162b3c332
240bf543-324e-4400-9a24-73ccf5d9f1e2,L3,Item,716565fa-19ab-4020-8370-673162b3c332
05edbf15-8a0f-421e-bcb4-0596bc686648,L3,Item,716565fa-19ab-4020-8370-673162b3c332
783abf56-6786-4f05-99e7-715abc38d4ec,L3,Item,716565fa-19ab-4020-8370-673162b3c332
b4639e1c-395e-47c3-a80e-d1edd3aac9bc,L3,Item,716565fa-19ab-4020-8370-673162b3c332
5d4a9780-2ebf-4b04-a301-4dce7ce4c8b0,L3,Item,716565fa-19ab-4020-8370-673162b3c332
04d3004f-88b1-4a32-8099-2a467f8c4938,L3,Item,716565fa-19ab-4020-8370-673162b3c332
0dd1f639-4e49-414c-9ba7-028aa9babed7,L3,Item,716565fa-19ab-4020-8370-673162b3c332
5929f9ed-9860-484d-a018-dd325ddb0b66,L3,Item,716565fa-19ab-4020-8370-673162b3c332
8a91bd90-8ffb-48a7-9329-6bb1fabd7dce,L3,Item,716565fa-19ab-4020-8370-673162b3c332
5f2fb46e-ca9b-4ae4-a4b1-17432e715ad8,L3,Item,716565fa-19ab-4020-8370-673162b3c332
9ba9a528-9322-4c49-b4a0-2d011cbc0f89,L3,Item,716565fa-19ab-4020-8370-673162b3c332
f28790e3-edbb-4c1f-9912-d365e1ffd44e,L3,Item,716565fa-19ab-4020-8370-673162b3c332
913e8be5-8a71-4985-967f-5502cb503efe,L3,Item,716565fa-19ab-4020-8370-673162b3c332
7f8afc99-ee8d-40a3-8fd7-6d126533611d,L3,Item,716565fa-19ab-4020-8370-673162b3c332
fd50dd21-0f8f-40ee-a7fb-af686562aa93,L3,Item,716565fa-19ab-4020-8370-673162b3c332
a2bbb4d8-9ca8-42c6-aaca-d28445bdd415,L3,Item,716565fa-19ab-4020-8370-673162b3c332
84c62ff8-0f08-40de-8622-2011f994e95a,L3,Item,716565fa-19ab-4020-8370-673162b3c332
3428b922-bc25-4ed3-af10-75285dbedd56,L3,Item,716565fa-19ab-4020-8370-673162b3c332
3427d453-4190-4d49-8366-d6e1df2dff83,L3,Item,716565fa-19ab-4020-8370-673162b3c332
3c61e4ff-6f6e-43c1-b88c-dc99987cb392,L3,Item,716565fa-19ab-4020-8370-673162b3c332
7e436882-7a95-435a-8421-15b3437108ab,L3,Item,716565fa-19ab-4020-8370-673162b3c332
5a1faa32-6da6-4b6f-9c41-bbde493be87a,L3,Item,716565fa-19ab-4020-8370-673162b3c332
b27b034e-66e9-4844-9c5a-bf68b75d7b61,L3,Item,716565fa-19ab-4020-8370-673162b3c332
3591c12e-1791-4cbf-b317-f12d1f57a3fa,L3,Item,716565fa-19ab-4020-8370-673162b3c332
c73773d6-6c8e-4900-8d45-1c42a1c7dd74,L3,Item,716565fa-19ab-4020-8370-673162b3c332
dca4f143-1219-40b5-a888-053ab29a0649,L3,Item,716565fa-19ab-4020-8370-673162b3c332
748d3ef0-7d8d-45cc-a5fa-b5ed1deb5478,L3,Item,716565fa-19ab-4020-8370-673162b3c332
58f68e2b-871d-4ec2-ba30-6e235be79f97,L3,Item,716565fa-19ab-4020-8370-673162b3c332
6453a138-5666-43cc-bbb0-6a18afe2dffe,L3,Item,716565fa-19ab-4020-8370-673162b3c332
9844f86a-cc72-4592-a711-671833214f9d,L3,Item,716565fa-19ab-4020-8370-673162b3c332
3e5ac727-79a8-41ab-a2c3-42a3ec8284aa,L3,Item,716565fa-19ab-4020-8370-673162b3c332
98795b84-37a0-4a74-b3d8-8fe93dc8da2f,L3,Item,716565fa-19ab-4020-8370-673162b3c332
7d0e14a2-063b-48a5-ac08-91cc888114f6,L3,Item,716565fa-19ab-4020-8370-673162b3c332
b2341c18-4cfa-4adc-9937-a11172b0374f,L3,Item,716565fa-19ab-4020-8370-673162b3c332
c454be6a-c655-41c5-b1f0-948b7be3c4f3,L3,Item,716565fa-19ab-4020-8370-673162b3c332
08fb6364-bd17-4072-9645-f9bfd341d407,L3,Item,716565fa-19ab-4020-8370-673162b3c332
fe6e4947-b043-4c5b-b929-6b262f824e21,L3,Item,716565fa-19ab-4020-8370-673162b3c332
1bff7d17-467d-4e63-8126-0d016271fdb4,L3,Item,716565fa-19ab-4020-8370-673162b3c332
81ba1be6-dcc9-408f-b2d4-dca0771d508f,L3,Item,716565fa-19ab-4020-8370-673162b3c332
cd42b64f-fca9-486e-a7b3-1d085bb60fc7,L3,Item,716565fa-19ab-4020-8370-673162b3c332
f481abac-5a9d-4cde-8da2-5b255ce4c4fa,L3,Item,716565fa-19ab-4020-8370-673162b3c332
c35707a3-583e-458a-a1d3-eeaf812ea11d,L3,Item,716565fa-19ab-4020-8370-673162b3c332
7435712b-7e05-4afb-8d8f-76ccd2bf7f4a,L3,Item,716565fa-19ab-4020-8370-673162b3c332
23a0513a-ae49-4cea-8185-803535c17969,L3,Item,716565fa-19ab-4020-8370-673162b3c332
690366b3-e06f-4601-8571-0383cb64be96,L3,Item,716565fa-19ab-4020-8370-673162b3c332
1f4378b3-2614-423e-98aa-cb65117be0cb,L3,Item,716565fa-19ab-4020-8370-673162b3c332
b24d6965-87d9-465c-a411-0dbf71d3cf81,L3,Item,716565fa-19ab-4020-8370-673162b3c332
2cb16d5b-d348-4adc-a053-0da58a96db79,L3,Item,716565fa-19ab-4020-8370-673162b3c332
c395f1d3-8649-4563-950b-39a791505d7f,L3,Item,716565fa-19ab-4020-8370-673162b3c332
abe1e2d9-47f3-4c98-9308-acddda99bf7c,L3,Item,716565fa-19ab-4020-8370-673162b3c332
ed373247-5659-46a3-bbb6-1c9c0af71e14,L3,Item,716565fa-19ab-4020-8370-673162b3c332
3f76fc76-1917-488e-9622-e0403794237c,L3,Item,716565fa-19ab-4020-8370-673162b3c332
a2bb1fff-a6c5-4e62-ac1a-8967588a7313,L3,Item,716565fa-19ab-4020-8370-673162b3c332
70612f5b-5482-4828-a153-66a900cd6464,L3,Item,716565fa-19ab-4020-8370-673162b3c332
ed318b7b-e3c0-4d77-a4e5-0dd5bd271ec8,L3,Item,716565fa-19ab-4020-8370-673162b3c332
ff800a96-b4ac-496f-ad66-25e5a38c1f1c,L3,Item,716565fa-19ab-4020-8370-673162b3c332
1d98e26c-ca45-44ac-8332-72ce4241fce0,L3,Item,716565fa-19ab-4020-8370-673162b3c332
00184ebe-dec8-420b-a089-ada059aad2f1,L3,Item,716565fa-19ab-4020-8370-673162b3c332
c8e59df1-5b62-4097-897b-8550a94305a4,L3,Item,716565fa-19ab-4020-8370-673162b3c332
c88a30d2-bd87-4cb0-964b-0fb5be4ac6bc,L3,Item,716565fa-19ab-4020-8370-673162b3c332
2272177d-3423-4e93-992e-1ebaae526efb,L3,Item,716565fa-19ab-4020-8370-673162b3c332
699b160a-4373-4184-b8c5-6677ddfb837f,L3,Item,716565fa-19ab-4020-8370-673162b3c332
37bb087a-8514-4190-8ed5-c01982bd1b96,L3,Item,716565fa-19ab-4020-8370-673162b3c332
9be62836-6e09-4850-bbbf-c800ecbb5cb2,L3,Item,716565fa-19ab-4020-8370-673162b3c332
e62b57c6-7c15-46a8-976f-753b8fc866be,L3,Item,716565fa-19ab-4020-8370-673162b3c332
be95ba4a-2b14-41e2-999b-a9d7c51aa986,L3,Item,716565fa-19ab-4020-8370-673162b3c332
d5986411-484b-4b0f-a319-9240e0b58ad9,L3,Item,716565fa-19ab-4020-8370-673162b3c332
e96b413c-a7a3-45f9-9f2c-7e09f9101e82,L3,Item,716565fa-19ab-4020-8370-673162b3c332
69cd610e-627c-428a-aaff-140c721ba972,L3,Item,716565fa-19ab-4020-8370-673162b3c332
ddfab796-7252-4056-a5c2-007c291a03d6,L3,Item,716565fa-19ab-4020-8370-673162b3c332
876a90ca-4ed0-4627-8e75-5c5b79d772d1,L3,Item,716565fa-19ab-4020-8370-673162b3c332
504b30fb-2c20-48cf-8ec6-d019a9efe7d8,L3,Item,716565fa-19ab-4020-8370-673162b3c332
3ba46fb8-5211-41e6-b666-2b75db5b07ad,L3,Item,716565fa-19ab-4020-8370-673162b3c332
9dca1f31-6ad9-4b15-8a80-b2dbdbedc7bc,L3,Item,716565fa-19ab-4020-8370-673162b3c332
db725c81-a2b9-4162-8051-c42bf90f8576,L3,Item,716565fa-19ab-4020-8370-673162b3c332
d6b7c9e8-862d-4923-ad01-a9cd1821e0fd,L3,Item,716565fa-19ab-4020-8370-673162b3c332
5ba8f804-b00d-4555-8fb1-792f3e2d4cc9,L3,Item,716565fa-19ab-4020-8370-673162b3c332
ba962aa0-2e7b-477a-a40b-240c24977c45,L3,Item,716565fa-19ab-4020-8370-673162b3c332
9b2c5810-71a1-4a0a-9328-8c942c5700a5,L3,Item,716565fa-19ab-4020-8370-673162b3c332
c1f86fc9-9b8b-49ed-b6f9-70178a14f1a9,L3,Item,716565fa-19ab-4020-8370-673162b3c332
b1a14e98-c3c8-48ae-8fcb-9ddccafd7f91,L3,Item,716565fa-19ab-4020-8370-673162b3c332
ec397344-3517-41db-b12a-b95db562e64c,L3,Item,716565fa-19ab-4020-8370-673162b3c332
0c84db48-81e0-45ee-af95-fd6104d9ca2c,L3,Item,716565fa-19ab-4020-8370-673162b3c332
484ddfe2-9402-49fb-a16c-8a83164dc4d1,L3,Item,716565fa-19ab-4020-8370-673162b3c332
76c9b528-a3df-4ef1-a24d-f46a4ee9713f,L3,Item,716565fa-19ab-4020-8370-673162b3c332
f900d523-9897-4ca1-af60-c7682dd7a8cd,L3,Item,716565fa-19ab-4020-8370-673162b3c332
d41360d3-e989-42d1-81ef-4335ab08941f,L3,Item,716565fa-19ab-4020-8370-673162b3c332
0e07b56b-5f8f-4c15-b6fc-3ac7ed4096cf,L3,Item,716565fa-19ab-4020-8370-673162b3c332
4b22beef-f834-4987-8341-7e71d42a1d46,L3,Item,716565fa-19ab-4020-8370-673162b3c332
dce67819-710c-46b4-bcf4-16a367f6bc20,L3,Item,716565fa-19ab-4020-8370-673162b3c332
022fd744-2486-4214-8910-31ccea6fef9c,L3,Item,716565fa-19ab-4020-8370-673162b3c332
67bce85b-624a-4f33-8fc1-787c64a91ec0,L3,Item,716565fa-19ab-4020-8370-673162b3c332
cf1d326f-5b75-4368-9d77-7f4c02916beb,L3,Item,716565fa-19ab-4020-8370-673162b3c332
da580d41-d7aa-4bb7-b705-67e2ba795775,L3,Item,716565fa-19ab-4020-8370-673162b3c332
6ea33720-2112-4580-b7fb-f19b41bb3de7,L3,Item,716565fa-19ab-4020-8370-673162b3c332
3396681f-bc69-4d86-b5a6-1297de3ec112,L3,Item,716565fa-19ab-4020-8370-673162b3c332
55d19a94-985d-486a-8e88-446b84f9b059,L3,Item,716565fa-19ab-4020-8370-673162b3c332
a8556cc0-f3eb-4ee7-9226-4d0a68efcd70,L3,Item,716565fa-19ab-4020-8370-673162b3c332
02b5a434-eaec-4eff-bd8d-316367bebc1b,L3,Item,716565fa-19ab-4020-8370-673162b3c332
1ac2dc26-3ad4-4d5d-8cb4-9c4ba98df1fb,L3,Item,716565fa-19ab-4020-8370-673162b3c332
dc2057de-bcb4-401e-bddb-53ad655467fe,L3,Item,716565fa-19ab-4020-8370-673162b3c332
f3c9aa7a-f72a-47cc-9dbb-fd10675a679e,L3,Item,716565fa-19ab-4020-8370-673162b3c332
8cf89845-68da-4bfb-8f80-1ede2c714f64,L3,Item,716565fa-19ab-4020-8370-673162b3c332
b02f2ab3-9f95-4eb7-9470-5a091aba5e09,L3,Item,716565fa-19ab-4020-8370-673162b3c332
9b235c08-3801-48eb-b1d0-c923f6e8f7bb,L3,Item,716565fa-19ab-4020-8370-673162b3c332
27b05631-c4b1-4606-907b-f3f651b108fa,L3,Item,716565fa-19ab-4020-8370-673162b3c332
62765331-3dc6-4d8f-83c7-6173444ab4ac,L3,Item,716565fa-19ab-4020-8370-673162b3c332
49b42e61-380e-409c-a335-5ce3b1767ee3,L3,Item,716565fa-19ab-4020-8370-673162b3c332
4f464a8a-770a-4ae5-8a6a-246772d92982,L3,Item,716565fa-19ab-4020-8370-673162b3c332
6461cca9-ed8d-4f4e-9ea7-b543c205dfe8,L3,Item,716565fa-19ab-4020-8370-673162b3c332
497f0c08-3b66-4c6e-aaa6-49d21260dcdd,L3,Item,716565fa-19ab-4020-8370-673162b3c332
22ed3b6a-8b14-4dce-bdad-9c83220f7944,L3,Item,716565fa-19ab-4020-8370-673162b3c332
93a03391-21a1-4ebc-9af7-2089a5742c7d,L3,Item,716565fa-19ab-4020-8370-673162b3c332
b32729a6-73e6-4274-8bb6-faf6baffdf7c,L3,Item,716565fa-19ab-4020-8370-673162b3c332
5344a3ab-851a-4c0b-ab03-946e79f90ba8,L3,Item,716565fa-19ab-4020-8370-673162b3c332
1c9cd5ad-5be6-4bd1-b59f-6c811da2092e,L3,Item,716565fa-19ab-4020-8370-673162b3c332
58a47552-f73c-48bd-87fa-7dbdb65c6b52,L3,Item,716565fa-19ab-4020-8370-673162b3c332
068a11e3-1ddb-4811-acc0-2d8686f3f99a,L3,Item,716565fa-19ab-4020-8370-673162b3c332
e436bb79-39fb-4a45-923b-7a6e15765ace,L3,Item,716565fa-19ab-4020-8370-673162b3c332
49e9b09a-73a0-4de3-801d-0a28b3772d42,L3,Item,716565fa-19ab-4020-8370-673162b3c332
07d82c66-5b8a-4fb1-b7db-3715f2991288,L3,Item,716565fa-19ab-4020-8370-673162b3c332
227e7a9b-88c5-496c-8459-f8cfb4cf9499,L3,Item,716565fa-19ab-4020-8370-673162b3c332
f6c6c57e-7c0f-4b67-8470-aeeefafd25f2,L3,Item,716565fa-19ab-4020-8370-673162b3c332
1401b00f-785b-4ada-839f-3234606b69b3,L3,Item,716565fa-19ab-4020-8370-673162b3c332
72e431c7-d621-416e-8f68-12c977872fb3,L3,Item,716565fa-19ab-4020-8370-673162b3c332
7897a9ad-6a13-4f54-9597-1a9ca7631031,L3,Item,716565fa-19ab-4020-8370-673162b3c332
f0e95afb-1604-4b23-bb53-5fa0f1d0e842,L3,Item,716565fa-19ab-4020-8370-673162b3c332
09eb3dcb-714d-4c88-a2f1-d452bd3f0334,L3,Item,716565fa-19ab-4020-8370-673162b3c332
e3ec24bf-9e20-409e-b78b-ed3ee400a554,L3,Item,716565fa-19ab-4020-8370-673162b3c332
cd31c50a-6532-4ab6-bdd9-84512c1441bd,L3,Item,716565fa-19ab-4020-8370-673162b3c332
e4777340-fe6c-4616-a958-d8e8c4907c16,L3,Item,716565fa-19ab-4020-8370-673162b3c332
681f20ca-37e7-4b62-a518-80f5cfe41a0f,L3,Item,716565fa-19ab-4020-8370-673162b3c332
a43a96c6-e56f-450c-89be-4b8b68be6935,L3,Item,716565fa-19ab-4020-8370-673162b3c332
fa7a7246-6237-4e60-8259-a076e11ce441,L3,Item,716565fa-19ab-4020-8370-673162b3c332
10d13a41-3e11-4099-82de-7950654dc50b,L3,Item,716565fa-19ab-4020-8370-673162b3c332
61ad7cb7-197e-40f5-b2db-8cf0c012d4a2,L3,Item,716565fa-19ab-4020-8370-673162b3c332
afaf3a7f-e376-452d-822c-96cbb9fbee1c,L3,Item,716565fa-19ab-4020-8370-673162b3c332
d3a276de-1b24-4bc8-b70d-f2ebf8c4b084,L3,Item,716565fa-19ab-4020-8370-673162b3c332
bec458c7-4951-4292-a8fc-aebe93463636,L3,Item,716565fa-19ab-4020-8370-673162b3c332
3002335c-68a2-4613-92ec-ae2c7a81423a,L3,Item,716565fa-19ab-4020-8370-673162b3c332
c9c501c4-e2e0-4ab5-b8d2-b69b755c2e79,L3,Item,716565fa-19ab-4020-8370-673162b3c332
9ba36ad5-8321-449a-8d9f-9d66d2b16c94,L3,Item,716565fa-19ab-4020-8370-673162b3c332
0a953140-f113-4e85-8977-2112c4112d88,L3,Item,716565fa-19ab-4020-8370-673162b3c332
c79d3561-b5a0-4e29-9ff6-f22ee83897a6,L3,Item,716565fa-19ab-4020-8370-673162b3c332
35c114c0-41f9-4c95-928a-3d9d6fcec099,L3,Item,716565fa-19ab-4020-8370-673162b3c332
de042478-d382-4293-b29d-78573ab41ced,L3,Item,716565fa-19ab-4020-8370-673162b3c332
4f3d8939-2560-4be3-a124-2481951ea278,L3,Item,716565fa-19ab-4020-8370-673162b3c332
78ce993a-2e72-4904-961c-6ee0e048fdd0,L3,Item,716565fa-19ab-4020-8370-673162b3c332
46ade8f2-0a2a-42d6-959f-0a9c0631ea28,L3,Item,716565fa-19ab-4020-8370-673162b3c332
e5ff150e-681e-4e57-bd0c-3f91b6f8a0ee,L3,Item,716565fa-19ab-4020-8370-673162b3c332
3a3c1ac3-7869-469f-bf67-06e5aed1793c,L3,Item,716565fa-19ab-4020-8370-673162b3c332
84110730-9f0c-4e18-95d8-85c04a846e63,L3,Item,716565fa-19ab-4020-8370-673162b3c332
0be03475-3523-47ec-b608-11b800bff332,L3,Item,716565fa-19ab-4020-8370-673162b3c332
74e69db8-51b4-4320-9a2b-044928f1707b,L3,Item,716565fa-19ab-4020-8370-673162b3c332
2547ce4f-177f-4891-905a-96bf348f49f4,L3,Item,716565fa-19ab-4020-8370-673162b3c332
9ec4368a-a543-4206-bb96-dc11e08c0b7e,L3,Item,716565fa-19ab-4020-8370-673162b3c332
121223d4-0209-467e-9aee-08a07a00e593,L3,Item,716565fa-19ab-4020-8370-673162b3c332
1ba1c3b4-29e6-451a-9370-475bb427971a,L3,Item,716565fa-19ab-4020-8370-673162b3c332
cf0547cd-8c89-4f72-aac9-9a4ba6b69793,L3,Item,716565fa-19ab-4020-8370-673162b3c332
80973b40-b7ae-4686-b41f-efc39153ea0f,L3,Item,716565fa-19ab-4020-8370-673162b3c332
6bc50153-af64-403e-b7f2-a3e2adc6bd20,L3,Item,716565fa-19ab-4020-8370-673162b3c332
bb122efe-41c6-4827-b86d-790015421e9a,L3,Item,716565fa-19ab-4020-8370-673162b3c332
9d0cdc04-fc1f-483d-938d-944c0ef76f65,L3,Item,716565fa-19ab-4020-8370-673162b3c332
241a510a-dcf1-41b6-89b8-1127237091ca,L3,Item,716565fa-19ab-4020-8370-673162b3c332
473265ca-d826-4bcb-b4bf-165bfb812a24,L3,Item,716565fa-19ab-4020-8370-673162b3c332
6ab04324-f503-46a2-ba0d-12a1aa4860c2,L3,Item,716565fa-19ab-4020-8370-673162b3c332
566ca542-28c4-4abb-868c-bad80e437bd7,L3,Item,716565fa-19ab-4020-8370-673162b3c332
e4e4f58e-c9b2-4970-8341-7535b6fce197,L3,Item,716565fa-19ab-4020-8370-673162b3c332
9ca70881-8504-4db7-aff0-1688027f98f8,L3,Item,716565fa-19ab-4020-8370-673162b3c332
8f31493d-8759-4e7a-9b97-5a6ae6c0fd6f,L3,Item,716565fa-19ab-4020-8370-673162b3c332
66b36fe0-911a-462d-bbad-606fdaffbd0e,L3,Item,716565fa-19ab-4020-8370-673162b3c332
b67e869e-ad91-4481-9652-33b0e7decf79,L3,Item,716565fa-19ab-4020-8370-673162b3c332
3e37438e-c086-434b-bed2-69f22aaac971,L3,Item,716565fa-19ab-4020-8370-673162b3c332
1a9cfdb0-70e5-412d-8ef9-1b24fab9dc25,L3,Item,716565fa-19ab-4020-8370-673162b3c332
ff557627-d2e5-4f63-8b0a-f68e601aac31,L3,Item,716565fa-19ab-4020-8370-673162b3c332
e40702b2-3b86-430d-b6b4-0a3b5b9f5870,L3,Item,716565fa-19ab-4020-8370-673162b3c332
42f49fed-de07-4968-9c2a-08c6d8f7f0d5,L3,Item,716565fa-19ab-4020-8370-673162b3c332
865445dd-ed45-4139-bee8-3ede57ddaf27,L3,Item,716565fa-19ab-4020-8370-673162b3c332
b32c1664-542f-41b2-94e3-6ed6ad1cdb3b,L3,Item,716565fa-19ab-4020-8370-673162b3c332
c6f7595e-5958-41d5-9c17-f0f292278bf3,L3,Item,716565fa-19ab-4020-8370-673162b3c332
6cb63840-b8c4-429f-b773-42fbba1f15d4,L3,Item,716565fa-19ab-4020-8370-673162b3c332
3270cdef-9147-4ba1-9d8c-ad195e10520c,L3,Item,716565fa-19ab-4020-8370-673162b3c332
a42d90a9-78be-4d39-8f2e-d943f923c776,L3,Item,716565fa-19ab-4020-8370-673162b3c332
1517b1a3-9392-4566-9604-04572f4c2bf6,L3,Item,716565fa-19ab-4020-8370-673162b3c332
751eb329-0669-4aa1-8aea-5cea94594c0d,L3,Item,716565fa-19ab-4020-8370-673162b3c332
437715ac-0deb-4d49-ab17-e591e616cff8,L3,Item,716565fa-19ab-4020-8370-673162b3c332
a46684a4-b0d9-41a3-8a2f-655de60b83eb,L3,Item,716565fa-19ab-4020-8370-673162b3c332
b479fb06-002e-4c7d-89c6-7ade915792f3,L3,Item,716565fa-19ab-4020-8370-673162b3c332
58d9c0ab-c6d9-40f5-95ba-1a1962e14d29,L3,Item,716565fa-19ab-4020-8370-673162b3c332
9f7a53f1-9b2b-4bcd-a84b-1849d26040dd,L3,Item,716565fa-19ab-4020-8370-673162b3c332
10eae71d-c3d1-41c6-ae9a-5d7f0541200f,L3,Item,716565fa-19ab-4020-8370-673162b3c332
fa313806-f1d3-411c-bb55-77d6201c7f98,L3,Item,716565fa-19ab-4020-8370-673162b3c332
8b46d31d-46fc-4e6d-9f03-3fdb2c8e6d3d,L3,Item,716565fa-19ab-4020-8370-673162b3c332
e770ff46-bac8-4945-88b8-ee8ddfdb617d,L3,Item,716565fa-19ab-4020-8370-673162b3c332
95e7936c-d816-4cc7-a75c-623eb7ad4cbb,L3,Item,716565fa-19ab-4020-8370-673162b3c332
0b1ce214-ad89-4abf-a65d-f62e987985aa,L3,Item,716565fa-19ab-4020-8370-673162b3c332
1f99f077-1573-4c01-aa6d-5b0229dfcc52,L3,Item,716565fa-19ab-4020-8370-673162b3c332
279f0538-ef8e-444a-8c75-4b53b82a9986,L3,Item,716565fa-19ab-4020-8370-673162b3c332
6127ee27-13a9-44fc-9222-aa5bf790ecfe,L3,Item,716565fa-19ab-4020-8370-673162b3c332
a25ef179-23c5-42e4-98cc-2ff241533c87,L3,Item,716565fa-19ab-4020-8370-673162b3c332
faf63463-e917-4df8-bc28-3e869b17f5d6,L3,Item,716565fa-19ab-4020-8370-673162b3c332
c5ff2d3c-4421-45c5-8286-8aabc951d836,L3,Item,716565fa-19ab-4020-8370-673162b3c332
6c82291d-766f-4b88-89ec-6fc93f587fc0,L3,Item,716565fa-19ab-4020-8370-673162b3c332
6300e28b-316e-4250-bef7-f569ded6b8fa,L3,Item,716565fa-19ab-4020-8370-673162b3c332
3c80ef89-f3d9-4be0-836a-c29e5146c92b,L3,Item,716565fa-19ab-4020-8370-673162b3c332
c83618e3-04e5-4b0a-8b80-13b3b892b7dc,L3,Item,716565fa-19ab-4020-8370-673162b3c332
641b64ed-0cbc-468f-80c4-cfd8d3ae16a1,L3,Item,716565fa-19ab-4020-8370-673162b3c332
2ecc4ba5-6eea-4bda-a5bc-be1bf6aaec89,L3,Item,716565fa-19ab-4020-8370-673162b3c332
70a0f1f7-98f1-4f85-9898-4704c183f350,L3,Item,716565fa-19ab-4020-8370-673162b3c332
860cefad-2b3d-4388-a2cd-8ecbe3af770a,L3,Item,716565fa-19ab-4020-8370-673162b3c332
77d09777-a653-4c52-9c01-6692b3a3dd7e,L3,Item,716565fa-19ab-4020-8370-673162b3c332
8fee5429-63ce-4431-8689-c6a4b64370c9,L3,Item,716565fa-19ab-4020-8370-673162b3c332
42bde333-33f3-4c9b-a2cf-345f50f85c88,L3,Item,716565fa-19ab-4020-8370-673162b3c332
6a9e41b2-f3c4-46a5-907d-bef72577c722,L3,Item,716565fa-19ab-4020-8370-673162b3c332
e9612701-a190-4622-bc06-8e5e2dbe979f,L3,Item,716565fa-19ab-4020-8370-673162b3c332
a1d31de6-4edb-4858-8060-0a49c6ebf382,L3,Item,716565fa-19ab-4020-8370-673162b3c332
e9ce2e9e-00ad-43d1-ae8f-ecba44e14eed,L3,Item,716565fa-19ab-4020-8370-673162b3c332
c0ef538e-9f5a-44ee-8d9f-3ce1266d8919,L3,Item,716565fa-19ab-4020-8370-673162b3c332
31b0445b-7559-4ca1-93ed-020c11111f90,L3,Item,716565fa-19ab-4020-8370-673162b3c332
5ac50194-228f-4a80-a822-ffb85366310a,L3,Item,716565fa-19ab-4020-8370-673162b3c332
0b829079-0c71-45bc-a9ea-b4681833452d,L3,Item,716565fa-19ab-4020-8370-673162b3c332
1e9b7938-861d-4360-ae02-c5cd9b5b3711,L3,Item,716565fa-19ab-4020-8370-673162b3c332
d86b23dd-d3e1-4241-a9bc-9064be6bfe66,L3,Item,716565fa-19ab-4020-8370-673162b3c332
77d5c731-7abd-4a96-83d9-3903676d5c99,L3,Item,716565fa-19ab-4020-8370-673162b3c332
4a17a865-a38f-422a-980c-e3d85183446b,L3,Item,716565fa-19ab-4020-8370-673162b3c332
a337161e-6de9-4c56-b931-17e5f54e13c8,L3,Item,716565fa-19ab-4020-8370-673162b3c332
a5addc2c-8dba-40bb-a981-d06bc7329295,L3,Item,716565fa-19ab-4020-8370-673162b3c332
4545135d-e062-4624-a23f-2c43590585b9,L3,Item,716565fa-19ab-4020-8370-673162b3c332
53460ad8-1749-4b4b-842e-e27c13fea656,L3,Item,716565fa-19ab-4020-8370-673162b3c332
3a8d5ff5-23c0-477f-9102-d3151f7652fe,L3,Item,716565fa-19ab-4020-8370-673162b3c332
0234ff5f-a313-488c-861c-2c4b879512c8,L3,Item,716565fa-19ab-4020-8370-673162b3c332
b6e30aa7-2b3b-4b2c-96f7-0b28b49396b3,L3,Item,716565fa-19ab-4020-8370-673162b3c332
3112415d-468d-4796-9ce4-8cf87afb533c,L3,Item,716565fa-19ab-4020-8370-673162b3c332
e91940cc-d884-4187-b1c0-e0403bb752ad,L3,Item,716565fa-19ab-4020-8370-673162b3c332
5f796504-c80a-430c-83ff-cf749fbb7df2,L3,Item,716565fa-19ab-4020-8370-673162b3c332
6e7f787d-80d2-4ea1-b386-113c5e08cf50,L3,Item,716565fa-19ab-4020-8370-673162b3c332
8340cc42-2be0-4c71-b77a-481fbb0e6094,L3,Item,716565fa-19ab-4020-8370-673162b3c332
f9ba5127-84ec-4409-be96-4ab237547b7d,L3,Item,716565fa-19ab-4020-8370-673162b3c332
782af2aa-d65c-4d8a-af6e-efad1e413b9a,L3,Item,716565fa-19ab-4020-8370-673162b3c332
9a821373-f30d-4ab8-be88-fa1f024315a4,L3,Item,716565fa-19ab-4020-8370-673162b3c332
c84663c6-799e-4d71-b797-4ce1f829d375,L3,Item,716565fa-19ab-4020-8370-673162b3c332
125a9946-44cc-4475-a412-39849a64a22a,L3,Item,716565fa-19ab-4020-8370-673162b3c332
8c7e192a-1d53-4bb9-b1c1-914bf596f98a,L3,Item,716565fa-19ab-4020-8370-673162b3c332
b279df22-929f-45e2-b21e-6d540ae7a945,L3,Item,716565fa-19ab-4020-8370-673162b3c332
789b8931-a46b-4abb-8656-e80039ebdf16,L3,Item,716565fa-19ab-4020-8370-673162b3c332
a94fff74-efec-4088-9e9c-a3054947ba89,L3,Item,716565fa-19ab-4020-8370-673162b3c332
512aaa8b-0363-4ce3-aed1-9226cfb5c74b,L3,Item,716565fa-19ab-4020-8370-673162b3c332
2fc3eaac-a0e9-4b64-a683-c024eed5f927,L3,Item,716565fa-19ab-4020-8370-673162b3c332
a7d8f7b0-6702-442f-aa26-d1e852f26542,L3,Item,716565fa-19ab-4020-8370-673162b3c332
8b0ca607-6add-4d24-8329-0ec378eec274,L3,Item,716565fa-19ab-4020-8370-673162b3c332
9204acb2-3096-49b5-ab6b-97df4006c292,L3,Item,716565fa-19ab-4020-8370-673162b3c332
bd1235b8-c501-457d-ab41-c8cef3703982,L3,Item,716565fa-19ab-4020-8370-673162b3c332
089e562a-4764-4518-8b46-2547a2e4ed7c,L3,Item,716565fa-19ab-4020-8370-673162b3c332
74b0fafe-b44c-4b9d-8b97-71eaf3d6a84e,L3,Item,716565fa-19ab-4020-8370-673162b3c332
629c5759-45a4-4d76-8c83-3ea33afe322e,L3,Item,716565fa-19ab-4020-8370-673162b3c332
c5324c5b-d970-41d6-be26-3aab3e5d073e,L3,Item,716565fa-19ab-4020-8370-673162b3c332
edbe50c6-1d8f-4477-9017-26957f5287a7,L3,Item,716565fa-19ab-4020-8370-673162b3c332
34017f5f-4663-4996-af84-c80cf7dbb0b2,L3,Item,716565fa-19ab-4020-8370-673162b3c332
00897f8f-aefc-45f8-bdd1-14769950802f,L3,Item,716565fa-19ab-4020-8370-673162b3c332
7e935534-8165-488e-8950-9eb4ef16e1c2,L3,Item,716565fa-19ab-4020-8370-673162b3c332
59f60e73-a5c3-4ba9-9b1e-7880f2c4cf44,L3,Item,716565fa-19ab-4020-8370-673162b3c332
005b4b9b-8b1f-4145-ab42-174119561e79,L3,Item,716565fa-19ab-4020-8370-673162b3c332
7b0626cd-c151-4a55-a781-fac1a6a410c5,L3,Item,716565fa-19ab-4020-8370-673162b3c332
f86614ff-bd36-4acc-a900-750045c44e18,L3,Item,716565fa-19ab-4020-8370-673162b3c332
ac425d98-d14e-4d51-97ab-11888e34e2b8,L3,Item,716565fa-19ab-4020-8370-673162b3c332
26d6c5ab-fcb4-483d-b581-f31ecaaddf52,L3,Item,716565fa-19ab-4020-8370-673162b3c332
21e2709a-8550-48fc-b9e0-88ea0e5fb5de,L3,Item,716565fa-19ab-4020-8370-673162b3c332
b628f5d0-8bee-41a3-8045-8a0af6cd52ee,L3,Item,716565fa-19ab-4020-8370-673162b3c332
86c13b5e-b713-4b9c-a562-31408e2d5857,L3,Item,716565fa-19ab-4020-8370-673162b3c332
a9762bba-5b0b-48b8-99d2-415247b5bfe1,L3,Item,716565fa-19ab-4020-8370-673162b3c332
c057117e-814f-4ea1-8555-7dceefc9bc1f,L3,Item,716565fa-19ab-4020-8370-673162b3c332
0e0663da-b5ca-4b51-8bc1-d80518d840a0,L3,Item,716565fa-19ab-4020-8370-673162b3c332
41c6f073-6822-4981-bebf-7bc2aba64204,L3,Item,716565fa-19ab-4020-8370-673162b3c332
54a8f927-e295-4444-907f-2c74fe2876f2,L3,Item,716565fa-19ab-4020-8370-673162b3c332
24fcf362-ca3b-4208-b0c8-acf9f80202e4,L3,Item,716565fa-19ab-4020-8370-673162b3c332
92058554-7e26-4552-90e5-37fffb3a66cb,L3,Item,716565fa-19ab-4020-8370-673162b3c332
d9405765-d146-4d97-8e77-f98528b87929,L3,Item,716565fa-19ab-4020-8370-673162b3c332
ac879af3-10ab-4d83-8955-6a2fffcdfd84,L3,Item,716565fa-19ab-4020-8370-673162b3c332
5d93c195-cea5-4284-be63-6540a2d44fe0,L3,Item,716565fa-19ab-4020-8370-673162b3c332
ed6a2dcb-6e2b-42d6-a679-ea8cf6a99243,L3,Item,716565fa-19ab-4020-8370-673162b3c332
42b8fced-41ce-48ce-90ac-36c96578fe0a,L3,Item,716565fa-19ab-4020-8370-673162b3c332
910b39cd-9259-4e44-964a-72aacc18adda,L3,Item,716565fa-19ab-4020-8370-673162b3c332
0896b43c-e67f-46bf-af22-570357a43fff,L3,Item,716565fa-19ab-4020-8370-673162b3c332
06134eb4-6377-48a3-a017-ad7ec18d468d,L3,Item,716565fa-19ab-4020-8370-673162b3c332
c89c7165-1f87-4f8e-8302-cb48a023f244,L3,Item,716565fa-19ab-4020-8370-673162b3c332
a8f171aa-9dac-4cc9-87f0-f5ff8bd40497,L3,Item,716565fa-19ab-4020-8370-673162b3c332
216576b5-ebc2-4079-84d1-6e6b33ed974c,L3,Item,716565fa-19ab-4020-8370-673162b3c332
bc0d8413-7dfd-46e7-a027-31613b4f6a54,L3,Item,716565fa-19ab-4020-8370-673162b3c332
dc4f92f8-d0e7-42c9-b19f-ac81cbd783c4,L3,Item,716565fa-19ab-4020-8370-673162b3c332
95b19859-b056-46c4-aa47-b4cf9e6c6049,L3,Item,716565fa-19ab-4020-8370-673162b3c332
576d2f8c-2484-4f3d-8c9f-495e3934220b,L3,Item,716565fa-19ab-4020-8370-673162b3c332
597ec1fd-50ec-46b1-ab88-e66294698e5a,L3,Item,716565fa-19ab-4020-8370-673162b3c332
2ab56776-f087-4f6b-b77e-d40f5a036240,L3,Item,716565fa-19ab-4020-8370-673162b3c332
f16d7ee1-a971-4ca7-a784-7610624aac2d,L3,Item,716565fa-19ab-4020-8370-673162b3c332
463c6b7d-e558-42ce-be25-a7b0f13437f7,L3,Item,716565fa-19ab-4020-8370-673162b3c332
b06de99e-6422-4617-af99-fbfbf9285ee8,L3,Item,716565fa-19ab-4020-8370-673162b3c332
37be81f6-b4a1-4e5e-b8b1-620bc92f2998,L3,Item,716565fa-19ab-4020-8370-673162b3c332
e4317a89-c226-4157-8faa-409cf8acaa59,L3,Item,716565fa-19ab-4020-8370-673162b3c332
ebb2b1bb-11f7-46c9-84ad-b92c926e68c9,L3,Item,716565fa-19ab-4020-8370-673162b3c332
b592c00d-a7fc-49b9-b1c9-0f91828dd4a3,L3,Item,716565fa-19ab-4020-8370-673162b3c332
a6b743eb-e93c-45ae-9b12-00878cd6b59b,L3,Item,716565fa-19ab-4020-8370-673162b3c332
2c9ba9c3-9e5f-4bdd-adfb-33e646be0544,L3,Item,716565fa-19ab-4020-8370-673162b3c332
7e7301b3-107a-4c19-8ba6-ba67e3e27dd2,L3,Item,716565fa-19ab-4020-8370-673162b3c332
79f907a8-5ff1-4044-a38d-bc3c75b1e0a3,L3,Item,716565fa-19ab-4020-8370-673162b3c332
90e7df79-9ca8-4d84-87f8-aceeea704f63,L3,Item,716565fa-19ab-4020-8370-673162b3c332
5c95dd0e-5052-4d57-bf8e-2e85f1364f7c,L3,Item,716565fa-19ab-4020-8370-673162b3c332
1cd6c88a-ec2f-4710-916b-c370ff6d5aae,L3,Item,716565fa-19ab-4020-8370-673162b3c332
a94ff420-5622-4ad6-9a77-5f770a492b97,L3,Item,716565fa-19ab-4020-8370-673162b3c332
1bda43f6-d6fd-4412-8b5b-76ae4fcf7739,L3,Item,716565fa-19ab-4020-8370-673162b3c332
bc736069-8b92-4422-8edc-38f9ad8d4d13,L3,Item,716565fa-19ab-4020-8370-673162b3c332
6082ecf3-7653-402a-9436-9280b854ba64,L3,Item,716565fa-19ab-4020-8370-673162b3c332
36e3cf56-4c99-40f8-a1eb-63c4c19846e0,L3,Item,716565fa-19ab-4020-8370-673162b3c332
35ff46af-fe60-4834-af60-7cd1a68229bb,L3,Item,716565fa-19ab-4020-8370-673162b3c332
e2a02646-a97e-4b0d-b35b-a300a1c08c3f,L3,Item,716565fa-19ab-4020-8370-673162b3c332
d62fa9f6-793f-4f1f-987f-ab62b6f9f956,L3,Item,716565fa-19ab-4020-8370-673162b3c332
dd4d6196-46ab-4bfb-b3b4-2ef432a430cd,L3,Item,716565fa-19ab-4020-8370-673162b3c332
976af364-e97e-4996-92af-b08768e40361,L3,Item,716565fa-19ab-4020-8370-673162b3c332
142e6b92-a106-4ef3-be04-6dface23ac02,L3,Item,716565fa-19ab-4020-8370-673162b3c332
61c97483-5b84-4600-bd1f-ed9373fdc064,L3,Item,716565fa-19ab-4020-8370-673162b3c332
b4b66675-d7dd-4fdc-9e8c-c4629710da4b,L3,Item,716565fa-19ab-4020-8370-673162b3c332
a265ad5d-4c10-460c-afcc-2d1f81242b0f,L3,Item,716565fa-19ab-4020-8370-673162b3c332
5ad1b9bf-906e-41f0-b492-eeb8f4907afa,L3,Item,716565fa-19ab-4020-8370-673162b3c332
56b89d1d-0e67-444d-9138-a71dabd59ed0,L3,Item,716565fa-19ab-4020-8370-673162b3c332
8a29a9ea-b579-466f-913b-ae0ba60a3902,L3,Item,716565fa-19ab-4020-8370-673162b3c332
b882c28e-396a-4a94-b64b-1508c05916d3,L3,Item,716565fa-19ab-4020-8370-673162b3c332
9708761e-1bcc-4df9-84f9-2050ef29f9c4,L3,Item,716565fa-19ab-4020-8370-673162b3c332
bc4a73c5-4130-4ddf-b24d-baf2e19551a5,L3,Item,716565fa-19ab-4020-8370-673162b3c332
d7e3c164-a5de-4f8d-b0bd-abdf638da2a2,L3,Item,716565fa-19ab-4020-8370-673162b3c332
fd355044-c000-4a2a-af63-6e252d4387b2,L3,Item,716565fa-19ab-4020-8370-673162b3c332
f922bc07-76bf-4ff4-8b1e-f02967a5ac66,L3,Item,716565fa-19ab-4020-8370-673162b3c332
ec22b2a2-e76d-45b6-b184-c6d33d288e8c,L3,Item,716565fa-19ab-4020-8370-673162b3c332
0237586c-5c2e-4875-a6d3-cd56cc57a190,L3,Item,716565fa-19ab-4020-8370-673162b3c332
eca6d9a5-5bfd-44ea-9751-ccb9c5eae9a7,L3,Item,716565fa-19ab-4020-8370-673162b3c332
2e352354-6dea-4be0-9a39-b0680189ceba,L3,Item,716565fa-19ab-4020-8370-673162b3c332
adbc9f70-aaba-4ff1-a359-582e6314fd54,L3,Item,716565fa-19ab-4020-8370-673162b3c332
9d342ecd-83bd-471b-9978-82f046c38b20,L3,Item,716565fa-19ab-4020-8370-673162b3c332
ba1a325c-efb9-4577-9a8f-00e1e65123c0,L3,Item,716565fa-19ab-4020-8370-673162b3c332
6451b61e-5326-4ebd-a59e-e0e2d6a4e6b1,L3,Item,716565fa-19ab-4020-8370-673162b3c332
3c322bd3-e9da-4705-83e0-192e3b0fe03b,L3,Item,716565fa-19ab-4020-8370-673162b3c332
e64b5939-0a0e-425b-93ea-2314f21ddb03,L3,Item,716565fa-19ab-4020-8370-673162b3c332
8199d803-b5c7-4020-ade2-faefcfe76b7d,L3,Item,716565fa-19ab-4020-8370-673162b3c332
6d05d380-b5d5-4b19-a854-1a0c78b8de08,L3,Item,716565fa-19ab-4020-8370-673162b3c332
115d1d45-4084-432b-be7c-ceb832b577c7,L3,Item,716565fa-19ab-4020-8370-673162b3c332
f82f41ca-c23e-494d-b110-e3932d64c2dc,L3,Item,716565fa-19ab-4020-8370-673162b3c332
0834178a-51a5-4f80-8dd2-283bd822de5b,L3,Item,716565fa-19ab-4020-8370-673162b3c332
c2bcadad-504c-4d0a-9bd8-127eef81cd34,L3,Item,716565fa-19ab-4020-8370-673162b3c332
033dae1d-873f-4422-965c-c8a08f96a6c7,L3,Item,716565fa-19ab-4020-8370-673162b3c332
6caab0ac-d40f-4bd4-bf25-c4a791c6a636,L3,Item,716565fa-19ab-4020-8370-673162b3c332
413ad4dc-893a-4d07-bd58-93d72ea8555d,L3,Item,716565fa-19ab-4020-8370-673162b3c332
1328afff-e57e-4306-a96d-6b0f1b300ba2,L3,Item,716565fa-19ab-4020-8370-673162b3c332
c4c855a9-508d-4b3e-b7bd-cff33d88fb73,L3,Item,716565fa-19ab-4020-8370-673162b3c332
df323fee-c29f-4a88-9550-054677339a58,L3,Item,716565fa-19ab-4020-8370-673162b3c332
6fabd8b1-3b8c-4ae9-b916-7dbc5f9fa28e,L3,Item,716565fa-19ab-4020-8370-673162b3c332
064271d6-742a-45c4-8656-3ae135f16309,L3,Item,716565fa-19ab-4020-8370-673162b3c332
a394a375-f73a-494b-978a-2fe37bbcff41,L3,Item,716565fa-19ab-4020-8370-673162b3c332
be5301dc-5498-4bcc-ac2e-2902e5dc3a32,L3,Item,716565fa-19ab-4020-8370-673162b3c332
cc3d5d10-b2ac-480e-a89d-5fe0743aba88,L3,Item,716565fa-19ab-4020-8370-673162b3c332
c41e4b54-d2a6-43b1-bdc4-bc2c68b8a155,L3,Item,716565fa-19ab-4020-8370-673162b3c332
4feb6684-8d87-4dd2-8e9b-4a478fd6cd78,L3,Item,716565fa-19ab-4020-8370-673162b3c332
0ad08dd7-ae3a-433f-99d0-fca5c686e5e6,L3,Item,716565fa-19ab-4020-8370-673162b3c332
8c47972e-8858-4187-b623-5c8e980fe44a,L3,Item,716565fa-19ab-4020-8370-673162b3c332
3bffc6db-bc91-4de9-8c41-dc29ee2b0e3c,L3,Item,716565fa-19ab-4020-8370-673162b3c332
c71e91c3-6f79-458f-b83d-f9d3126ef890,L3,Item,716565fa-19ab-4020-8370-673162b3c332
96a68be1-8f73-4c65-9d70-b93cae9742a6,L3,Item,716565fa-19ab-4020-8370-673162b3c332
f25cc832-1fd0-42c8-8183-69fb5af98045,L3,Item,716565fa-19ab-4020-8370-673162b3c332
6881a4ce-29d9-48b4-a201-bab3d8293b63,L3,Item,716565fa-19ab-4020-8370-673162b3c332
958380ea-690d-4be2-bb8e-efb30336359d,L3,Item,716565fa-19ab-4020-8370-673162b3c332
8ef9da7f-792b-48ec-814b-599394accb39,L3,Item,716565fa-19ab-4020-8370-673162b3c332
95afebef-b4f5-419b-a7ee-64fb4042d1c8,L3,Item,716565fa-19ab-4020-8370-673162b3c332
8c40df83-d70f-4f2c-9304-b3e83d2b2527,L3,Item,716565fa-19ab-4020-8370-673162b3c332
20a2bd11-5d75-4f3e-86d9-50bc2fbeb7fd,L3,Item,716565fa-19ab-4020-8370-673162b3c332
85c747a7-0e39-4e4e-8a0c-9e82f4b4bd00,L3,Item,716565fa-19ab-4020-8370-673162b3c332
7b667623-3839-4f4e-8c4e-ce7f176acbdd,L3,Item,716565fa-19ab-4020-8370-673162b3c332
b0947d34-8848-4ece-bf85-730647f814f3,L3,Item,716565fa-19ab-4020-8370-673162b3c332
4e8a6cc2-576c-40b2-aa81-2adf00e6b82d,L3,Item,716565fa-19ab-4020-8370-673162b3c332
670cfbed-363d-4649-b4a6-a9c978ea09d7,L3,Item,716565fa-19ab-4020-8370-673162b3c332
3e3cb45f-cd35-4990-9717-65af1fc29e2f,L3,Item,716565fa-19ab-4020-8370-673162b3c332
47b86851-cdc8-447b-8094-3249546cc27a,L3,Item,716565fa-19ab-4020-8370-673162b3c332
a3789684-b8bd-476a-8c31-9af8bcd366f8,L3,Item,716565fa-19ab-4020-8370-673162b3c332
3ba43fb1-3985-494a-b6fd-18eb7f628e5e,L3,Item,716565fa-19ab-4020-8370-673162b3c332
e7c2d55b-369b-43c3-a328-4d3387414687,L3,Item,716565fa-19ab-4020-8370-673162b3c332
82366bb7-5b08-4860-9233-43c62bce911b,L3,Item,716565fa-19ab-4020-8370-673162b3c332
ca75078e-df65-4498-8b99-32fc853aa998,L3,Item,716565fa-19ab-4020-8370-673162b3c332
4728940a-f6d9-4daa-8879-e6f392ce4e95,L3,Item,716565fa-19ab-4020-8370-673162b3c332
d55b2d61-b414-4761-b11c-47153f955379,L3,Item,716565fa-19ab-4020-8370-673162b3c332
1a3cdb47-fa7e-4755-92af-fe3fc7e18fda,L3,Item,716565fa-19ab-4020-8370-673162b3c332
b1fdc471-9934-4125-a7be-df9184af2471,L3,Item,716565fa-19ab-4020-8370-673162b3c332
36e1d913-72dc-4ae1-80cb-eeba8314ff0c,L3,Item,716565fa-19ab-4020-8370-673162b3c332
9e677e23-d563-4623-b8e9-738a907c3801,L3,Item,716565fa-19ab-4020-8370-673162b3c332
b605393c-28bd-4862-a2e1-cb3e2989d200,L3,Item,716565fa-19ab-4020-8370-673162b3c332
18369ea8-f298-4ed0-b128-b2636cc7ec04,L3,Item,716565fa-19ab-4020-8370-673162b3c332
0bc60c9b-54f0-46a3-8cbb-69ec56ba9663,L3,Item,716565fa-19ab-4020-8370-673162b3c332
58515ed7-8ae2-403a-9773-9735a41205cd,L3,Item,716565fa-19ab-4020-8370-673162b3c332
fe1d273c-a3e4-480c-a9bb-75d53198ef7f,L3,Item,716565fa-19ab-4020-8370-673162b3c332
33122f24-52de-481c-a8c3-c6cd616626f3,L3,Item,716565fa-19ab-4020-8370-673162b3c332
45c50a95-ca2f-495d-ae6b-1c65608085bd,L3,Item,716565fa-19ab-4020-8370-673162b3c332
889389cd-5ab0-4e25-9979-99589d146222,L3,Item,716565fa-19ab-4020-8370-673162b3c332
1fc839b1-aeff-4902-b3c1-6692d84f8ddb,L3,Item,716565fa-19ab-4020-8370-673162b3c332
f81866e6-13cb-445f-8d66-7a71f7c93224,L3,Item,716565fa-19ab-4020-8370-673162b3c332
8ea95463-eae5-46f9-a2fa-e5e79984642c,L3,Item,716565fa-19ab-4020-8370-673162b3c332
a0e22185-1542-408a-9d60-9e746da4097f,L3,Item,716565fa-19ab-4020-8370-673162b3c332
6055e3bb-93d8-42e0-a336-f84d8ee91aad,L3,Item,716565fa-19ab-4020-8370-673162b3c332
17256067-a8df-411d-8b7c-415f9441d765,L3,Item,716565fa-19ab-4020-8370-673162b3c332
40385b63-8b36-470f-b982-974895fd79c4,L3,Item,716565fa-19ab-4020-8370-673162b3c332
b79126ab-84f2-42f6-999a-2d4edd4c32f1,L3,Item,716565fa-19ab-4020-8370-673162b3c332
ceaf4011-50d5-4714-a576-0eee66dbed5c,L3,Item,716565fa-19ab-4020-8370-673162b3c332
19ff02c8-0fa4-4d9b-aba9-2c921ebd49cd,L3,Item,716565fa-19ab-4020-8370-673162b3c332
e274e55f-53be-473b-ab3f-5a0d9f2a7418,L3,Item,716565fa-19ab-4020-8370-673162b3c332
1760d72f-6239-4a6b-bbed-aaffbe9c62d2,L3,Item,716565fa-19ab-4020-8370-673162b3c332
7e062504-a295-47a6-a5b2-46556702d99b,L3,Item,716565fa-19ab-4020-8370-673162b3c332
1d336b7d-a5b7-4c1f-ae03-8149f862ba66,L3,Item,716565fa-19ab-4020-8370-673162b3c332
cc3d17f0-3852-4f1d-982d-fcd3f40df717,L3,Item,716565fa-19ab-4020-8370-673162b3c332
d1c44ce2-867e-4353-97df-1f5f9b9958f2,L3,Item,716565fa-19ab-4020-8370-673162b3c332
2728c8ce-48d4-4d18-b302-1d3e52f79a42,L3,Item,716565fa-19ab-4020-8370-673162b3c332
2a6635cd-4ad6-492b-b1e4-d7fd309e3273,L3,Item,716565fa-19ab-4020-8370-673162b3c332
8abaccfd-06dc-431f-9264-f684c6f391a5,L3,Item,716565fa-19ab-4020-8370-673162b3c332
ebe47d71-cd38-47b7-bf41-dc03ab89005d,L3,Item,716565fa-19ab-4020-8370-673162b3c332
dfe27054-35d5-4fd7-aea4-a260465da9f4,L3,Item,716565fa-19ab-4020-8370-673162b3c332
ec3fce4c-cb57-4739-ac3c-197ba4dd0a9f,L3,Item,716565fa-19ab-4020-8370-673162b3c332
e709d515-b1c0-4201-99a6-c1bd57556989,L3,Item,716565fa-19ab-4020-8370-673162b3c332
b99f300a-9a66-4617-b7d8-30f56d65bb70,L3,Item,716565fa-19ab-4020-8370-673162b3c332
f96d76de-7166-4147-8c14-e5ce87bbb6cf,L3,Item,716565fa-19ab-4020-8370-673162b3c332
9ffef77f-3485-48e6-a382-9f62c0e18b73,L3,Item,716565fa-19ab-4020-8370-673162b3c332
7a63daa5-6b1a-4cce-aec6-cce15601af9c,L3,Item,716565fa-19ab-4020-8370-673162b3c332
80e3514c-c782-4d8b-bcf6-cd7db4bcaee9,L3,Item,716565fa-19ab-4020-8370-673162b3c332
108f4669-d1ed-4d7c-a34f-f28e380489e5,L3,Item,716565fa-19ab-4020-8370-673162b3c332
b06486b7-a585-4c0f-8b85-1b19331c0945,L3,Item,716565fa-19ab-4020-8370-673162b3c332
a618f922-9a8f-4fe5-8301-3d448afa3f45,L3,Item,716565fa-19ab-4020-8370-673162b3c332
59b1e47c-ba6e-4499-b18f-f257d5339342,L3,Item,716565fa-19ab-4020-8370-673162b3c332
645a22f7-a969-4aae-89fc-2fc91cbb0a2a,L3,Item,716565fa-19ab-4020-8370-673162b3c332
131550a4-74d8-4b42-b494-72e09b194a67,L3,Item,716565fa-19ab-4020-8370-673162b3c332
8dcf61ac-ae78-4ad8-87bf-e1b99f9550b6,L3,Item,716565fa-19ab-4020-8370-673162b3c332
587095d8-da05-4950-8fd6-c10cba2197fb,L3,Item,716565fa-19ab-4020-8370-673162b3c332
5e4ba611-e17d-43db-bcc8-9bd9991a1f4b,L3,Item,716565fa-19ab-4020-8370-673162b3c332
10c29f82-986d-4034-a89c-097cb8f53fb8,L3,Item,716565fa-19ab-4020-8370-673162b3c332
8dabb433-9ea9-4465-97c3-5a7d950d4fb1,L3,Item,716565fa-19ab-4020-8370-673162b3c332
457b025e-0ba1-4d0e-bc03-7322cd83b247,L3,Item,716565fa-19ab-4020-8370-673162b3c332
ca6f4d8a-0aac-4f90-a195-23b9d28131b3,L3,Item,716565fa-19ab-4020-8370-673162b3c332
79c60cc6-279e-45c1-93c9-5ca0dd92779d,L3,Item,716565fa-19ab-4020-8370-673162b3c332
5debd8b4-1fab-4489-bbec-6339ed0e5426,L3,Item,716565fa-19ab-4020-8370-673162b3c332
b1f30579-64c7-46e1-b139-7b62d789d682,L3,Item,716565fa-19ab-4020-8370-673162b3c332
bde99844-00b7-4576-bdb6-b5778ad72cf0,L3,Item,716565fa-19ab-4020-8370-673162b3c332
79bcb82d-647d-4c02-9481-f3695e866769,L3,Item,716565fa-19ab-4020-8370-673162b3c332
bb863ced-386b-415b-be17-377c9ad6992f,L3,Item,716565fa-19ab-4020-8370-673162b3c332
7719dcf2-b754-4193-a723-104055e57077,L3,Item,716565fa-19ab-4020-8370-673162b3c332
efc4aff3-0d2d-4956-8170-324e5052bcb6,L3,Item,716565fa-19ab-4020-8370-673162b3c332
d665aab2-495e-41c3-b3f0-ec81039053dd,L3,Item,716565fa-19ab-4020-8370-673162b3c332
3b50bd08-d329-492a-bc1e-5536cb36cc0c,L3,Item,716565fa-19ab-4020-8370-673162b3c332
0c02ec19-168e-4a86-bbb2-4c8a3ebb626e,L3,Item,716565fa-19ab-4020-8370-673162b3c332
0a82ffda-a4f4-433f-b599-e6208f4d39ca,L3,Item,716565fa-19ab-4020-8370-673162b3c332
48d9ca20-67bd-41bb-993d-3fac394547dc,L3,Item,716565fa-19ab-4020-8370-673162b3c332
0db88a51-7325-43d2-b9c4-0958ddce047d,L3,Item,716565fa-19ab-4020-8370-673162b3c332
1a5db9a8-40d6-4033-b8c8-308c000143a7,L3,Item,716565fa-19ab-4020-8370-673162b3c332
5a006d74-b420-4f47-8f6f-2c4dbfea1cd2,L3,Item,716565fa-19ab-4020-8370-673162b3c332
83799050-5bec-4129-9538-48334892d219,L3,Item,716565fa-19ab-4020-8370-673162b3c332
d2d51d33-4539-40de-9b94-9f383677e41c,L3,Item,716565fa-19ab-4020-8370-673162b3c332
2b4981f9-93e2-4e75-a60a-204dfcf0b0a1,L3,Item,716565fa-19ab-4020-8370-673162b3c332
2982cec9-bb49-4154-aa07-882a3f56dd8b,L3,Item,716565fa-19ab-4020-8370-673162b3c332
8a4f0e0b-6513-4c24-9011-b525ead003ed,L3,Item,716565fa-19ab-4020-8370-673162b3c332
f3bdb05e-62c5-4139-807a-23cb0d8fa968,L3,Item,716565fa-19ab-4020-8370-673162b3c332
a86a4c4f-8d80-4044-b7ad-54c31a42ad3b,L3,Item,716565fa-19ab-4020-8370-673162b3c332
cdb5dc42-5e00-4897-9f80-1987d2f16801,L3,Item,716565fa-19ab-4020-8370-673162b3c332
37bcff92-1fc7-4b8e-b31e-93358a89af5c,L3,Item,716565fa-19ab-4020-8370-673162b3c332
995ff80c-5379-4e27-8316-374bac843f02,L3,Item,716565fa-19ab-4020-8370-673162b3c332
828b3787-4cde-40db-b374-8b618875215d,L3,Item,716565fa-19ab-4020-8370-673162b3c332
2711fabe-c9e8-4571-9b91-49e97edad630,L3,Item,716565fa-19ab-4020-8370-673162b3c332
0328f39e-7949-4f30-b2cb-4ec3d1d43646,L3,Item,716565fa-19ab-4020-8370-673162b3c332
e8fcf34f-b316-410b-848a-661ce44ae135,L3,Item,716565fa-19ab-4020-8370-673162b3c332
cfdca1c9-f1ea-41d2-94d9-969abc9a8330,L3,Item,716565fa-19ab-4020-8370-673162b3c332
ba017396-cf54-4326-b294-3efc61b3e1f9,L3,Item,716565fa-19ab-4020-8370-673162b3c332
469a12ab-bc16-41dd-ad70-113eebba2558,L3,Item,716565fa-19ab-4020-8370-673162b3c332
e478841e-ff7a-4d66-9143-8986557c641f,L3,Item,716565fa-19ab-4020-8370-673162b3c332
5d119905-f273-4009-b9c1-07d9ac279612,L3,Item,716565fa-19ab-4020-8370-673162b3c332
9e2c4167-6120-49b2-8170-cc03e59639d0,L3,Item,716565fa-19ab-4020-8370-673162b3c332
fdc93741-1748-4741-9edf-fc9c1a8a3766,L3,Item,716565fa-19ab-4020-8370-673162b3c332
11ed466a-2bbb-4222-ad9c-8027b08364de,L3,Item,716565fa-19ab-4020-8370-673162b3c332
e29ea609-7460-40a9-b571-fe41c7d391e1,L3,Item,716565fa-19ab-4020-8370-673162b3c332
ea3f1a61-933f-4a7a-999d-2178a3486711,L3,Item,716565fa-19ab-4020-8370-673162b3c332
8e5865c2-a121-4f80-bcbf-03ac242c5c28,L3,Item,716565fa-19ab-4020-8370-673162b3c332
1c61d948-b1a9-4fab-9159-1f528a83dd1d,L3,Item,716565fa-19ab-4020-8370-673162b3c332
345155d8-d70d-492c-9888-b3db031fbe9a,L3,Item,716565fa-19ab-4020-8370-673162b3c332
6325dcab-2be3-4617-a4e1-0c31b9009d66,L3,Item,716565fa-19ab-4020-8370-673162b3c332
e1472c30-64d3-4ae2-b079-0b9cee34eba1,L3,Item,716565fa-19ab-4020-8370-673162b3c332
52ba4cd8-1d5c-4113-921a-09a3192c7929,L3,Item,716565fa-19ab-4020-8370-673162b3c332
5fb5b82a-f370-4ffd-8ece-3b90ade6ce8f,L3,Item,716565fa-19ab-4020-8370-673162b3c332
943eb686-6beb-4c21-a2e5-324dd543e943,L3,Item,716565fa-19ab-4020-8370-673162b3c332
cacbb9d0-c413-4a87-82b2-2c5c57295477,L3,Item,716565fa-19ab-4020-8370-673162b3c332
28f6cb8a-cfc2-4044-9ebc-e5c9bd8fef60,L3,Item,716565fa-19ab-4020-8370-673162b3c332
491a51c0-372b-4a82-b553-746df13491cf,L3,Item,716565fa-19ab-4020-8370-673162b3c332
61c2345c-6064-4c44-bfab-7d8f126e2fbc,L3,Item,716565fa-19ab-4020-8370-673162b3c332
42e03a67-8873-4853-8ad9-9aaa72a3fd1d,L3,Item,716565fa-19ab-4020-8370-673162b3c332
b2f11ed4-c4e8-4b9f-af1f-564cf016ba98,L3,Item,716565fa-19ab-4020-8370-673162b3c332
5bffdd15-1c4c-4c17-b2e6-aefa7e4680cc,L3,Item,716565fa-19ab-4020-8370-673162b3c332
6cc84bf0-b899-4d06-a8db-9b2eaa4ca682,L3,Item,716565fa-19ab-4020-8370-673162b3c332
e2685b9c-6d32-45b7-806a-9f1958c53d19,L3,Item,716565fa-19ab-4020-8370-673162b3c332
50f5ecf6-a399-43b9-806e-8c1e5cf82992,L3,Item,716565fa-19ab-4020-8370-673162b3c332
b5061c66-7c61-4924-9c06-4254c5c76460,L3,Item,716565fa-19ab-4020-8370-673162b3c332
b147dde0-916f-4fcb-88a0-ab4f44665b3b,L3,Item,716565fa-19ab-4020-8370-673162b3c332
9bb9118d-c8f6-40ba-b494-5a59769b8c3a,L3,Item,716565fa-19ab-4020-8370-673162b3c332
8ae23da6-a4a1-4f53-8e7c-e9bef9a4ac3e,L3,Item,716565fa-19ab-4020-8370-673162b3c332
e3574420-26f6-4f23-9a69-3f0de55586cf,L3,Item,716565fa-19ab-4020-8370-673162b3c332
724168b8-cc8f-464b-9e6b-95ce616f67fe,L3,Item,716565fa-19ab-4020-8370-673162b3c332
1d4718d0-c87a-423b-8823-cf57512f1362,L3,Item,716565fa-19ab-4020-8370-673162b3c332
14ae8417-c699-4c3d-b216-0f418f6494fe,L3,Item,716565fa-19ab-4020-8370-673162b3c332
cfb42473-d269-4a98-b16a-2b2761901962,L3,Item,716565fa-19ab-4020-8370-673162b3c332
2bfce9d3-e0b9-4ccd-8591-7923d5c00a7d,L3,Item,716565fa-19ab-4020-8370-673162b3c332
eeef9a75-3db5-49d2-b598-3ddd847a9cdb,L3,Item,716565fa-19ab-4020-8370-673162b3c332
9757b0af-fdfc-4d46-b5cc-aa660bd46834,L3,Item,716565fa-19ab-4020-8370-673162b3c332
78fe1352-1dae-450b-af69-a0125919eaa4,L3,Item,716565fa-19ab-4020-8370-673162b3c332
1a376065-10a5-4a8e-9e64-11ec6122c659,L3,Item,716565fa-19ab-4020-8370-673162b3c332
8944102f-1637-4fb8-83be-ac719a8f7b9d,L3,Item,716565fa-19ab-4020-8370-673162b3c332
dcf17bb5-b60a-4451-a44b-d955a80b6879,L3,Item,716565fa-19ab-4020-8370-673162b3c332
b0b38175-d5a2-44fa-9950-4084e01b583d,L3,Item,716565fa-19ab-4020-8370-673162b3c332
480d71af-0b52-47c5-8105-4f8b1b8cfd4d,L3,Item,716565fa-19ab-4020-8370-673162b3c332
c70a1888-2da6-42ff-8534-a2be3ba0dec6,L3,Item,716565fa-19ab-4020-8370-673162b3c332
1a78c000-f237-4d8f-9d8e-86ec3dab6158,L3,Item,716565fa-19ab-4020-8370-673162b3c332
9c5e013b-638b-468a-baeb-e300fbda6b8f,L3,Item,716565fa-19ab-4020-8370-673162b3c332
929b7b61-7372-4340-9453-323fb83db57a,L3,Item,716565fa-19ab-4020-8370-673162b3c332
552750d2-7a40-4bb0-868d-1ecc365d4178,L3,Item,716565fa-19ab-4020-8370-673162b3c332
c16d8b34-6b68-4cfa-bcde-e801af52ae0d,L3,Item,716565fa-19ab-4020-8370-673162b3c332
5cc23d97-1d68-4568-9047-55e534ee7144,L3,Item,716565fa-19ab-4020-8370-673162b3c332
bec67b06-1f46-4084-80db-2679c0447aa4,L3,Item,716565fa-19ab-4020-8370-673162b3c332
40670a6b-7199-4c05-828c-dd980652ca3e,L3,Item,716565fa-19ab-4020-8370-673162b3c332
581c5ec7-b28b-4e47-b667-e862a250a3d1,L3,Item,716565fa-19ab-4020-8370-673162b3c332
