policy,walker,prefetch_limit,trial,e2e_ms,request_id,train_n,trial_count,pool_seed,coverage,accuracy,actual_ids,plan_ids,covered_ids,overfetch_ids,undercoverage_ids,topo_idx_ms,ttg_ms,prefetch_ms,walker_ms,l1_hit_rate,l1,l2,l3,miss,mongo_q,oracle_file,model_file
oracle,Traverse,250,1,2119.249609299004,d6812b41-6989-4daa-abef-6f46fd237399,,10,,,,,,,,,0.000,2.198,18.527,1915.873,62.5,1253,0,752,0,,/workspace/jaseci_external_tools/linked_list/oracle_plans/linked_list/Traverse/d6812b41-6989-4daa-abef-6f46fd237399_limit250_trial1.uuids,
oracle,Traverse,250,2,2283.0446530133486,d6812b41-6989-4daa-abef-6f46fd237399,,10,,,,,,,,,0.000,2.450,23.988,2048.680,62.5,1253,0,752,0,,/workspace/jaseci_external_tools/linked_list/oracle_plans/linked_list/Traverse/d6812b41-6989-4daa-abef-6f46fd237399_limit250_trial2.uuids,
oracle,Traverse,250,3,2320.9668174386024,d6812b41-6989-4daa-abef-6f46fd237399,,10,,,,,,,,,0.000,2.458,18.529,2135.622,62.5,1253,0,752,0,,/workspace/jaseci_external_tools/linked_list/oracle_plans/linked_list/Traverse/d6812b41-6989-4daa-abef-6f46fd237399_limit250_trial3.uuids,
oracle,Traverse,250,4,2174.290114082396,d6812b41-6989-4daa-abef-6f46fd237399,,10,,,,,,,,,0.000,3.182,18.920,1964.041,62.5,1253,0,752,0,,/workspace/jaseci_external_tools/linked_list/oracle_plans/linked_list/Traverse/d6812b41-6989-4daa-abef-6f46fd237399_limit250_trial4.uuids,
oracle,Traverse,250,5,2780.8519350364804,d6812b41-6989-4daa-abef-6f46fd237399,,10,,,,,,,,,0.000,3.448,17.669,2575.890,62.5,1253,0,752,0,,/workspace/jaseci_external_tools/linked_list/oracle_plans/linked_list/Traverse/d6812b41-6989-4daa-abef-6f46fd237399_limit250_trial5.uuids,
oracle,Traverse,250,6,2122.951270081103,d6812b41-6989-4daa-abef-6f46fd237399,,10,,,,,,,,,0.000,2.095,21.294,1932.680,62.5,1253,0,752,0,,/workspace/jaseci_external_tools/linked_list/oracle_plans/linked_list/Traverse/d6812b41-6989-4daa-abef-6f46fd237399_limit250_trial6.uuids,
oracle,Traverse,250,7,2680.167555809021,d6812b41-6989-4daa-abef-6f46fd237399,,10,,,,,,,,,0.000,2.346,19.620,2479.793,62.5,1253,0,752,0,,/workspace/jaseci_external_tools/linked_list/oracle_plans/linked_list/Traverse/d6812b41-6989-4daa-abef-6f46fd237399_limit250_trial7.uuids,
oracle,Traverse,250,8,2295.0487369671464,d6812b41-6989-4daa-abef-6f46fd237399,,10,,,,,,,,,0.000,2.159,18.768,1993.199,62.5,1253,0,752,0,,/workspace/jaseci_external_tools/linked_list/oracle_plans/linked_list/Traverse/d6812b41-6989-4daa-abef-6f46fd237399_limit250_trial8.uuids,
oracle,Traverse,250,9,2176.2923570349813,d6812b41-6989-4daa-abef-6f46fd237399,,10,,,,,,,,,0.000,2.307,18.715,1980.901,62.5,1253,0,752,0,,/workspace/jaseci_external_tools/linked_list/oracle_plans/linked_list/Traverse/d6812b41-6989-4daa-abef-6f46fd237399_limit250_trial9.uuids,
oracle,Traverse,250,10,2585.7503563165665,d6812b41-6989-4daa-abef-6f46fd237399,,10,,,,,,,,,0.000,2.249,21.482,2380.853,62.5,1253,0,752,0,,/workspace/jaseci_external_tools/linked_list/oracle_plans/linked_list/Traverse/d6812b41-6989-4daa-abef-6f46fd237399_limit250_trial10.uuids,
oracle,Traverse,500,1,1769.9166052043438,bf18f8d1-eb31-47fd-829d-d7dfe55ca57c,,10,,,,,,,,,0.000,4.260,30.360,1550.896,75.0,1503,0,502,0,,/workspace/jaseci_external_tools/linked_list/oracle_plans/linked_list/Traverse/bf18f8d1-eb31-47fd-829d-d7dfe55ca57c_limit500_trial1.uuids,
oracle,Traverse,500,2,1729.9204599112272,bf18f8d1-eb31-47fd-829d-d7dfe55ca57c,,10,,,,,,,,,0.000,4.101,24.262,1479.534,75.0,1503,0,502,0,,/workspace/jaseci_external_tools/linked_list/oracle_plans/linked_list/Traverse/bf18f8d1-eb31-47fd-829d-d7dfe55ca57c_limit500_trial2.uuids,
oracle,Traverse,500,3,1992.7200563251972,bf18f8d1-eb31-47fd-829d-d7dfe55ca57c,,10,,,,,,,,,0.000,4.087,26.782,1779.142,75.0,1503,0,502,0,,/workspace/jaseci_external_tools/linked_list/oracle_plans/linked_list/Traverse/bf18f8d1-eb31-47fd-829d-d7dfe55ca57c_limit500_trial3.uuids,
oracle,Traverse,500,4,1802.2503340616822,bf18f8d1-eb31-47fd-829d-d7dfe55ca57c,,10,,,,,,,,,0.000,4.538,25.495,1581.344,75.0,1503,0,502,0,,/workspace/jaseci_external_tools/linked_list/oracle_plans/linked_list/Traverse/bf18f8d1-eb31-47fd-829d-d7dfe55ca57c_limit500_trial4.uuids,
oracle,Traverse,500,5,2058.5427144542336,bf18f8d1-eb31-47fd-829d-d7dfe55ca57c,,10,,,,,,,,,0.000,4.338,30.224,1824.097,75.0,1503,0,502,0,,/workspace/jaseci_external_tools/linked_list/oracle_plans/linked_list/Traverse/bf18f8d1-eb31-47fd-829d-d7dfe55ca57c_limit500_trial5.uuids,
oracle,Traverse,500,6,1967.6279872655869,bf18f8d1-eb31-47fd-829d-d7dfe55ca57c,,10,,,,,,,,,0.000,5.030,26.545,1739.400,75.0,1503,0,502,0,,/workspace/jaseci_external_tools/linked_list/oracle_plans/linked_list/Traverse/bf18f8d1-eb31-47fd-829d-d7dfe55ca57c_limit500_trial6.uuids,
oracle,Traverse,500,7,1859.0724365785718,bf18f8d1-eb31-47fd-829d-d7dfe55ca57c,,10,,,,,,,,,0.000,7.037,28.029,1586.843,75.0,1503,0,502,0,,/workspace/jaseci_external_tools/linked_list/oracle_plans/linked_list/Traverse/bf18f8d1-eb31-47fd-829d-d7dfe55ca57c_limit500_trial7.uuids,
oracle,Traverse,500,8,1643.5999404639006,bf18f8d1-eb31-47fd-829d-d7dfe55ca57c,,10,,,,,,,,,0.000,4.234,24.522,1442.287,75.0,1503,0,502,0,,/workspace/jaseci_external_tools/linked_list/oracle_plans/linked_list/Traverse/bf18f8d1-eb31-47fd-829d-d7dfe55ca57c_limit500_trial8.uuids,
oracle,Traverse,500,9,2146.7006457969546,bf18f8d1-eb31-47fd-829d-d7dfe55ca57c,,10,,,,,,,,,0.000,5.387,30.200,1910.794,75.0,1503,0,502,0,,/workspace/jaseci_external_tools/linked_list/oracle_plans/linked_list/Traverse/bf18f8d1-eb31-47fd-829d-d7dfe55ca57c_limit500_trial9.uuids,
oracle,Traverse,500,10,1662.13892493397,bf18f8d1-eb31-47fd-829d-d7dfe55ca57c,,10,,,,,,,,,0.000,4.069,19.950,1454.781,75.0,1503,0,502,0,,/workspace/jaseci_external_tools/linked_list/oracle_plans/linked_list/Traverse/bf18f8d1-eb31-47fd-829d-d7dfe55ca57c_limit500_trial10.uuids,
oracle,Traverse,750,1,1420.9302924573421,dc12c626-cbf5-4875-88e4-52ca453659e9,,10,,,,,,,,,0.000,6.092,33.231,1198.120,87.4,1753,0,252,0,,/workspace/jaseci_external_tools/linked_list/oracle_plans/linked_list/Traverse/dc12c626-cbf5-4875-88e4-52ca453659e9_limit750_trial1.uuids,
oracle,Traverse,750,2,1481.5919967368245,dc12c626-cbf5-4875-88e4-52ca453659e9,,10,,,,,,,,,0.000,8.413,44.822,1230.403,87.4,1753,0,252,0,,/workspace/jaseci_external_tools/linked_list/oracle_plans/linked_list/Traverse/dc12c626-cbf5-4875-88e4-52ca453659e9_limit750_trial2.uuids,
oracle,Traverse,750,3,1485.581940971315,dc12c626-cbf5-4875-88e4-52ca453659e9,,10,,,,,,,,,0.000,6.110,34.415,1260.350,87.4,1753,0,252,0,,/workspace/jaseci_external_tools/linked_list/oracle_plans/linked_list/Traverse/dc12c626-cbf5-4875-88e4-52ca453659e9_limit750_trial3.uuids,
oracle,Traverse,750,4,1644.0177112817764,dc12c626-cbf5-4875-88e4-52ca453659e9,,10,,,,,,,,,0.000,10.877,45.123,1374.170,87.4,1753,0,252,0,,/workspace/jaseci_external_tools/linked_list/oracle_plans/linked_list/Traverse/dc12c626-cbf5-4875-88e4-52ca453659e9_limit750_trial4.uuids,
oracle,Traverse,750,5,1498.490760102868,dc12c626-cbf5-4875-88e4-52ca453659e9,,10,,,,,,,,,0.000,6.360,33.219,1237.821,87.4,1753,0,252,0,,/workspace/jaseci_external_tools/linked_list/oracle_plans/linked_list/Traverse/dc12c626-cbf5-4875-88e4-52ca453659e9_limit750_trial5.uuids,
oracle,Traverse,750,6,1624.0690303966403,dc12c626-cbf5-4875-88e4-52ca453659e9,,10,,,,,,,,,0.000,7.379,48.649,1413.027,87.4,1753,0,252,0,,/workspace/jaseci_external_tools/linked_list/oracle_plans/linked_list/Traverse/dc12c626-cbf5-4875-88e4-52ca453659e9_limit750_trial6.uuids,
oracle,Traverse,750,7,1313.2444266229868,dc12c626-cbf5-4875-88e4-52ca453659e9,,10,,,,,,,,,0.000,7.290,32.484,1081.408,87.4,1753,0,252,0,,/workspace/jaseci_external_tools/linked_list/oracle_plans/linked_list/Traverse/dc12c626-cbf5-4875-88e4-52ca453659e9_limit750_trial7.uuids,
oracle,Traverse,750,8,1678.7492409348488,dc12c626-cbf5-4875-88e4-52ca453659e9,,10,,,,,,,,,0.000,6.916,35.927,1413.866,87.4,1753,0,252,0,,/workspace/jaseci_external_tools/linked_list/oracle_plans/linked_list/Traverse/dc12c626-cbf5-4875-88e4-52ca453659e9_limit750_trial8.uuids,
oracle,Traverse,750,9,1575.630297884345,dc12c626-cbf5-4875-88e4-52ca453659e9,,10,,,,,,,,,0.000,7.257,34.598,1309.436,87.4,1753,0,252,0,,/workspace/jaseci_external_tools/linked_list/oracle_plans/linked_list/Traverse/dc12c626-cbf5-4875-88e4-52ca453659e9_limit750_trial9.uuids,
oracle,Traverse,750,10,1465.1667419821024,dc12c626-cbf5-4875-88e4-52ca453659e9,,10,,,,,,,,,0.000,10.399,38.340,1192.956,87.4,1753,0,252,0,,/workspace/jaseci_external_tools/linked_list/oracle_plans/linked_list/Traverse/dc12c626-cbf5-4875-88e4-52ca453659e9_limit750_trial10.uuids,
oracle,Traverse,1000,1,1041.5234919637442,a6b39c4e-c2eb-4cba-b973-0971b045b0d4,,10,,,,,,,,,0.000,9.633,39.984,786.893,99.9,2002,0,3,0,,/workspace/jaseci_external_tools/linked_list/oracle_plans/linked_list/Traverse/a6b39c4e-c2eb-4cba-b973-0971b045b0d4_limit1000_trial1.uuids,
oracle,Traverse,1000,2,954.4679764658213,a6b39c4e-c2eb-4cba-b973-0971b045b0d4,,10,,,,,,,,,0.000,9.478,41.900,710.355,99.9,2002,0,3,0,,/workspace/jaseci_external_tools/linked_list/oracle_plans/linked_list/Traverse/a6b39c4e-c2eb-4cba-b973-0971b045b0d4_limit1000_trial2.uuids,
oracle,Traverse,1000,3,982.7850554138422,a6b39c4e-c2eb-4cba-b973-0971b045b0d4,,10,,,,,,,,,0.000,9.578,41.545,749.963,99.9,2002,0,3,0,,/workspace/jaseci_external_tools/linked_list/oracle_plans/linked_list/Traverse/a6b39c4e-c2eb-4cba-b973-0971b045b0d4_limit1000_trial3.uuids,
oracle,Traverse,1000,4,1043.7016189098358,a6b39c4e-c2eb-4cba-b973-0971b045b0d4,,10,,,,,,,,,0.000,9.453,44.674,784.332,99.9,2002,0,3,0,,/workspace/jaseci_external_tools/linked_list/oracle_plans/linked_list/Traverse/a6b39c4e-c2eb-4cba-b973-0971b045b0d4_limit1000_trial4.uuids,
oracle,Traverse,1000,5,1067.3514213413,a6b39c4e-c2eb-4cba-b973-0971b045b0d4,,10,,,,,,,,,0.000,8.953,57.051,804.031,99.9,2002,0,3,0,,/workspace/jaseci_external_tools/linked_list/oracle_plans/linked_list/Traverse/a6b39c4e-c2eb-4cba-b973-0971b045b0d4_limit1000_trial5.uuids,
oracle,Traverse,1000,6,973.1219848617911,a6b39c4e-c2eb-4cba-b973-0971b045b0d4,,10,,,,,,,,,0.000,8.060,48.904,732.492,99.9,2002,0,3,0,,/workspace/jaseci_external_tools/linked_list/oracle_plans/linked_list/Traverse/a6b39c4e-c2eb-4cba-b973-0971b045b0d4_limit1000_trial6.uuids,
oracle,Traverse,1000,7,965.6742801889777,a6b39c4e-c2eb-4cba-b973-0971b045b0d4,,10,,,,,,,,,0.000,12.408,38.567,713.976,99.9,2002,0,3,0,,/workspace/jaseci_external_tools/linked_list/oracle_plans/linked_list/Traverse/a6b39c4e-c2eb-4cba-b973-0971b045b0d4_limit1000_trial7.uuids,
oracle,Traverse,1000,8,1022.1028868108988,a6b39c4e-c2eb-4cba-b973-0971b045b0d4,,10,,,,,,,,,0.000,8.956,52.350,773.104,99.9,2002,0,3,0,,/workspace/jaseci_external_tools/linked_list/oracle_plans/linked_list/Traverse/a6b39c4e-c2eb-4cba-b973-0971b045b0d4_limit1000_trial8.uuids,
oracle,Traverse,1000,9,1028.7521099671721,a6b39c4e-c2eb-4cba-b973-0971b045b0d4,,10,,,,,,,,,0.000,8.941,46.423,776.262,99.9,2002,0,3,0,,/workspace/jaseci_external_tools/linked_list/oracle_plans/linked_list/Traverse/a6b39c4e-c2eb-4cba-b973-0971b045b0d4_limit1000_trial9.uuids,
oracle,Traverse,1000,10,955.4013255983591,a6b39c4e-c2eb-4cba-b973-0971b045b0d4,,10,,,,,,,,,0.000,8.642,39.129,721.249,99.9,2002,0,3,0,,/workspace/jaseci_external_tools/linked_list/oracle_plans/linked_list/Traverse/a6b39c4e-c2eb-4cba-b973-0971b045b0d4_limit1000_trial10.uuids,
oracle,Traverse,1250,1,1022.6783966645598,5a86d58c-f9f6-493c-ba83-c907e1b1e8c3,,10,,,,,,,,,0.000,9.353,55.220,774.235,99.9,2002,0,3,0,,/workspace/jaseci_external_tools/linked_list/oracle_plans/linked_list/Traverse/5a86d58c-f9f6-493c-ba83-c907e1b1e8c3_limit1250_trial1.uuids,
oracle,Traverse,1250,2,1055.5371958762407,5a86d58c-f9f6-493c-ba83-c907e1b1e8c3,,10,,,,,,,,,0.000,10.221,43.024,801.518,99.9,2002,0,3,0,,/workspace/jaseci_external_tools/linked_list/oracle_plans/linked_list/Traverse/5a86d58c-f9f6-493c-ba83-c907e1b1e8c3_limit1250_trial2.uuids,
oracle,Traverse,1250,3,949.935095384717,5a86d58c-f9f6-493c-ba83-c907e1b1e8c3,,10,,,,,,,,,0.000,8.837,46.155,711.890,99.9,2002,0,3,0,,/workspace/jaseci_external_tools/linked_list/oracle_plans/linked_list/Traverse/5a86d58c-f9f6-493c-ba83-c907e1b1e8c3_limit1250_trial3.uuids,
oracle,Traverse,1250,4,1149.7803358361125,5a86d58c-f9f6-493c-ba83-c907e1b1e8c3,,10,,,,,,,,,0.000,10.615,40.754,780.900,99.9,2002,0,3,0,,/workspace/jaseci_external_tools/linked_list/oracle_plans/linked_list/Traverse/5a86d58c-f9f6-493c-ba83-c907e1b1e8c3_limit1250_trial4.uuids,
oracle,Traverse,1250,5,974.6515769511461,5a86d58c-f9f6-493c-ba83-c907e1b1e8c3,,10,,,,,,,,,0.000,10.675,40.338,735.771,99.9,2002,0,3,0,,/workspace/jaseci_external_tools/linked_list/oracle_plans/linked_list/Traverse/5a86d58c-f9f6-493c-ba83-c907e1b1e8c3_limit1250_trial5.uuids,
oracle,Traverse,1250,6,903.4584211185575,5a86d58c-f9f6-493c-ba83-c907e1b1e8c3,,10,,,,,,,,,0.000,13.615,35.886,683.004,99.9,2002,0,3,0,,/workspace/jaseci_external_tools/linked_list/oracle_plans/linked_list/Traverse/5a86d58c-f9f6-493c-ba83-c907e1b1e8c3_limit1250_trial6.uuids,
oracle,Traverse,1250,7,967.5293583422899,5a86d58c-f9f6-493c-ba83-c907e1b1e8c3,,10,,,,,,,,,0.000,8.092,33.680,737.919,99.9,2002,0,3,0,,/workspace/jaseci_external_tools/linked_list/oracle_plans/linked_list/Traverse/5a86d58c-f9f6-493c-ba83-c907e1b1e8c3_limit1250_trial7.uuids,
oracle,Traverse,1250,8,1107.7532339841127,5a86d58c-f9f6-493c-ba83-c907e1b1e8c3,,10,,,,,,,,,0.000,9.287,46.267,840.893,99.9,2002,0,3,0,,/workspace/jaseci_external_tools/linked_list/oracle_plans/linked_list/Traverse/5a86d58c-f9f6-493c-ba83-c907e1b1e8c3_limit1250_trial8.uuids,
oracle,Traverse,1250,9,1089.1311224550009,5a86d58c-f9f6-493c-ba83-c907e1b1e8c3,,10,,,,,,,,,0.000,10.172,44.063,819.108,99.9,2002,0,3,0,,/workspace/jaseci_external_tools/linked_list/oracle_plans/linked_list/Traverse/5a86d58c-f9f6-493c-ba83-c907e1b1e8c3_limit1250_trial9.uuids,
oracle,Traverse,1250,10,1012.9188261926174,5a86d58c-f9f6-493c-ba83-c907e1b1e8c3,,10,,,,,,,,,0.000,8.489,45.778,714.902,99.9,2002,0,3,0,,/workspace/jaseci_external_tools/linked_list/oracle_plans/linked_list/Traverse/5a86d58c-f9f6-493c-ba83-c907e1b1e8c3_limit1250_trial10.uuids,
ttg,Traverse,250,1,2809.6693102270365,0b5912c4-e66d-4c04-bc21-9b6be7123af0,,10,,,,,,,,,16.516,29.561,13.891,2533.282,62.5,1253,0,753,0,,,
ttg,Traverse,250,2,2527.1660974249244,0b5912c4-e66d-4c04-bc21-9b6be7123af0,,10,,,,,,,,,17.068,25.836,17.391,2258.198,62.5,1253,0,753,0,,,
ttg,Traverse,250,3,2477.625153027475,0b5912c4-e66d-4c04-bc21-9b6be7123af0,,10,,,,,,,,,16.001,27.884,17.295,2205.939,62.5,1253,0,753,0,,,
ttg,Traverse,250,4,2882.6422980055213,0b5912c4-e66d-4c04-bc21-9b6be7123af0,,10,,,,,,,,,17.440,27.467,20.204,2621.413,62.5,1253,0,753,0,,,
ttg,Traverse,250,5,2680.5823231115937,0b5912c4-e66d-4c04-bc21-9b6be7123af0,,10,,,,,,,,,25.224,38.894,16.364,2377.845,62.5,1253,0,753,0,,,
ttg,Traverse,250,6,2400.9231999516487,0b5912c4-e66d-4c04-bc21-9b6be7123af0,,10,,,,,,,,,14.438,25.063,16.417,2130.782,62.5,1253,0,753,0,,,
ttg,Traverse,250,7,2337.5029768794775,0b5912c4-e66d-4c04-bc21-9b6be7123af0,,10,,,,,,,,,25.842,41.945,18.027,2040.055,62.5,1253,0,753,0,,,
ttg,Traverse,250,8,2379.3079713359475,0b5912c4-e66d-4c04-bc21-9b6be7123af0,,10,,,,,,,,,15.740,27.604,17.324,2117.577,62.5,1253,0,753,0,,,
ttg,Traverse,250,9,2622.884108684957,0b5912c4-e66d-4c04-bc21-9b6be7123af0,,10,,,,,,,,,14.528,24.765,17.410,2396.938,62.5,1253,0,753,0,,,
ttg,Traverse,250,10,2241.063213907182,0b5912c4-e66d-4c04-bc21-9b6be7123af0,,10,,,,,,,,,13.739,22.975,14.713,2029.413,62.5,1253,0,753,0,,,
ttg,Traverse,500,1,2031.5859420225024,3e845f4f-69f5-4048-b3fa-67f5086a762b,,10,,,,,,,,,23.568,53.642,23.221,1717.319,74.9,1503,0,503,0,,,
ttg,Traverse,500,2,2049.2313327267766,3e845f4f-69f5-4048-b3fa-67f5086a762b,,10,,,,,,,,,14.487,57.264,22.332,1748.629,74.9,1503,0,503,0,,,
ttg,Traverse,500,3,2161.7106394842267,3e845f4f-69f5-4048-b3fa-67f5086a762b,,10,,,,,,,,,15.021,47.606,22.251,1854.493,74.9,1503,0,503,0,,,
ttg,Traverse,500,4,1978.6315253004432,3e845f4f-69f5-4048-b3fa-67f5086a762b,,10,,,,,,,,,15.322,50.398,24.145,1699.585,74.9,1503,0,503,0,,,
ttg,Traverse,500,5,2182.562575675547,3e845f4f-69f5-4048-b3fa-67f5086a762b,,10,,,,,,,,,14.729,49.301,23.677,1907.702,74.9,1503,0,503,0,,,
ttg,Traverse,500,6,2036.6913005709648,3e845f4f-69f5-4048-b3fa-67f5086a762b,,10,,,,,,,,,15.753,53.414,24.606,1707.632,74.9,1503,0,503,0,,,
ttg,Traverse,500,7,1981.0336166992784,3e845f4f-69f5-4048-b3fa-67f5086a762b,,10,,,,,,,,,18.097,54.327,24.005,1699.741,74.9,1503,0,503,0,,,
ttg,Traverse,500,8,1923.5354512929916,3e845f4f-69f5-4048-b3fa-67f5086a762b,,10,,,,,,,,,14.737,47.958,22.040,1628.908,74.9,1503,0,503,0,,,
ttg,Traverse,500,9,1700.0140026211739,3e845f4f-69f5-4048-b3fa-67f5086a762b,,10,,,,,,,,,13.265,42.850,23.565,1433.403,74.9,1503,0,503,0,,,
ttg,Traverse,500,10,2079.8630621284246,3e845f4f-69f5-4048-b3fa-67f5086a762b,,10,,,,,,,,,14.571,47.639,26.477,1801.102,74.9,1503,0,503,0,,,
ttg,Traverse,750,1,1668.908791616559,f31955b6-103c-4013-a9d4-927e298f9961,,10,,,,,,,,,14.524,67.481,31.970,1330.054,87.4,1753,0,253,0,,,
ttg,Traverse,750,2,1691.8549994006753,f31955b6-103c-4013-a9d4-927e298f9961,,10,,,,,,,,,20.802,73.496,28.477,1355.852,87.4,1753,0,253,0,,,
ttg,Traverse,750,3,1506.4207715913653,f31955b6-103c-4013-a9d4-927e298f9961,,10,,,,,,,,,17.303,76.134,26.841,1182.731,87.4,1753,0,253,0,,,
ttg,Traverse,750,4,1564.0561524778605,f31955b6-103c-4013-a9d4-927e298f9961,,10,,,,,,,,,15.268,68.141,31.545,1283.053,87.4,1753,0,253,0,,,
ttg,Traverse,750,5,1599.8790292069316,f31955b6-103c-4013-a9d4-927e298f9961,,10,,,,,,,,,17.533,81.755,28.774,1274.485,87.4,1753,0,253,0,,,
ttg,Traverse,750,6,1612.386110238731,f31955b6-103c-4013-a9d4-927e298f9961,,10,,,,,,,,,13.933,72.460,26.823,1300.487,87.4,1753,0,253,0,,,
ttg,Traverse,750,7,1494.215976446867,f31955b6-103c-4013-a9d4-927e298f9961,,10,,,,,,,,,13.105,62.191,24.963,1206.013,87.4,1753,0,253,0,,,
ttg,Traverse,750,8,1473.8659262657166,f31955b6-103c-4013-a9d4-927e298f9961,,10,,,,,,,,,16.505,79.244,23.996,1158.012,87.4,1753,0,253,0,,,
ttg,Traverse,750,9,1546.9450494274497,f31955b6-103c-4013-a9d4-927e298f9961,,10,,,,,,,,,13.312,64.819,27.412,1252.478,87.4,1753,0,253,0,,,
ttg,Traverse,750,10,1399.026625789702,f31955b6-103c-4013-a9d4-927e298f9961,,10,,,,,,,,,13.831,64.851,26.421,1103.373,87.4,1753,0,253,0,,,
ttg,Traverse,1000,1,1003.9893360808492,302e4079-a266-4bb1-b95c-9a239838d7d2,,10,,,,,,,,,13.046,83.229,29.616,671.110,99.9,2003,0,3,0,,,
ttg,Traverse,1000,2,1754.6249879524112,302e4079-a266-4bb1-b95c-9a239838d7d2,,10,,,,,,,,,25.619,159.349,47.553,1193.845,99.9,2003,0,3,0,,,
ttg,Traverse,1000,3,945.8572892472148,302e4079-a266-4bb1-b95c-9a239838d7d2,,10,,,,,,,,,13.369,83.159,31.157,633.948,99.9,2003,0,3,0,,,
ttg,Traverse,1000,4,933.0696277320385,302e4079-a266-4bb1-b95c-9a239838d7d2,,10,,,,,,,,,13.032,82.539,29.062,630.483,99.9,2003,0,3,0,,,
ttg,Traverse,1000,5,953.5051342099905,302e4079-a266-4bb1-b95c-9a239838d7d2,,10,,,,,,,,,21.948,100.884,31.132,615.522,99.9,2003,0,3,0,,,
ttg,Traverse,1000,6,986.8761850520968,302e4079-a266-4bb1-b95c-9a239838d7d2,,10,,,,,,,,,13.551,86.198,30.360,668.530,99.9,2003,0,3,0,,,
ttg,Traverse,1000,7,1044.532055966556,302e4079-a266-4bb1-b95c-9a239838d7d2,,10,,,,,,,,,14.301,89.197,29.477,705.046,99.9,2003,0,3,0,,,
ttg,Traverse,1000,8,987.8898374736309,302e4079-a266-4bb1-b95c-9a239838d7d2,,10,,,,,,,,,14.818,90.519,28.411,654.573,99.9,2003,0,3,0,,,
ttg,Traverse,1000,9,1075.6998611614108,302e4079-a266-4bb1-b95c-9a239838d7d2,,10,,,,,,,,,15.458,93.471,32.222,705.682,99.9,2003,0,3,0,,,
ttg,Traverse,1000,10,1051.3377729803324,302e4079-a266-4bb1-b95c-9a239838d7d2,,10,,,,,,,,,15.912,93.755,30.313,699.483,99.9,2003,0,3,0,,,
ttg,Traverse,1250,1,1000.3868788480759,50669829-8ced-42f2-b613-30f60e326663,,10,,,,,,,,,14.615,92.658,32.523,674.415,99.9,2003,0,3,0,,,
ttg,Traverse,1250,2,983.3489321172237,50669829-8ced-42f2-b613-30f60e326663,,10,,,,,,,,,13.214,83.221,29.034,656.944,99.9,2003,0,3,0,,,
ttg,Traverse,1250,3,965.7734949141741,50669829-8ced-42f2-b613-30f60e326663,,10,,,,,,,,,13.252,87.589,29.369,652.915,99.9,2003,0,3,0,,,
ttg,Traverse,1250,4,1026.7096888273954,50669829-8ced-42f2-b613-30f60e326663,,10,,,,,,,,,12.981,83.869,28.780,684.088,99.9,2003,0,3,0,,,
ttg,Traverse,1250,5,1032.6667306944728,50669829-8ced-42f2-b613-30f60e326663,,10,,,,,,,,,16.297,92.370,29.129,697.612,99.9,2003,0,3,0,,,
ttg,Traverse,1250,6,1106.7019812762737,50669829-8ced-42f2-b613-30f60e326663,,10,,,,,,,,,15.302,110.749,36.359,729.850,99.9,2003,0,3,0,,,
ttg,Traverse,1250,7,1091.4544509723783,50669829-8ced-42f2-b613-30f60e326663,,10,,,,,,,,,17.590,98.479,35.331,716.784,99.9,2003,0,3,0,,,
ttg,Traverse,1250,8,996.036927215755,50669829-8ced-42f2-b613-30f60e326663,,10,,,,,,,,,15.834,97.539,36.324,667.603,99.9,2003,0,3,0,,,
ttg,Traverse,1250,9,1041.279119439423,50669829-8ced-42f2-b613-30f60e326663,,10,,,,,,,,,14.130,88.802,31.665,709.057,99.9,2003,0,3,0,,,
ttg,Traverse,1250,10,972.8569686412811,50669829-8ced-42f2-b613-30f60e326663,,10,,,,,,,,,15.317,85.493,29.906,659.730,99.9,2003,0,3,0,,,
markov1-pooled-N10,Traverse,250,1,2053.375471383333,e64115f9-5662-4264-a11c-21e408ea8af4,10,10,42,25.0,100.0,1002,250,250,0,752,0.000,1.856,17.822,1882.201,62.3,1250,0,755,0,,,/workspace/jaseci_external_tools/linked_list/markov_models/linked_list/Traverse/markov1-pooled-N10_seed42_limit250.json
markov1-pooled-N10,Traverse,250,2,2616.498942486942,e64115f9-5662-4264-a11c-21e408ea8af4,10,10,42,25.0,100.0,1002,250,250,0,752,0.000,2.135,21.999,2410.428,62.3,1250,0,755,0,,,/workspace/jaseci_external_tools/linked_list/markov_models/linked_list/Traverse/markov1-pooled-N10_seed42_limit250.json
markov1-pooled-N10,Traverse,250,3,2464.737602509558,e64115f9-5662-4264-a11c-21e408ea8af4,10,10,42,25.0,100.0,1002,250,250,0,752,0.000,3.422,18.386,2228.371,62.3,1250,0,755,0,,,/workspace/jaseci_external_tools/linked_list/markov_models/linked_list/Traverse/markov1-pooled-N10_seed42_limit250.json
markov1-pooled-N10,Traverse,250,4,2124.574045650661,e64115f9-5662-4264-a11c-21e408ea8af4,10,10,42,25.0,100.0,1002,250,250,0,752,0.000,1.863,18.064,1940.485,62.3,1250,0,755,0,,,/workspace/jaseci_external_tools/linked_list/markov_models/linked_list/Traverse/markov1-pooled-N10_seed42_limit250.json
markov1-pooled-N10,Traverse,250,5,2252.6289923116565,e64115f9-5662-4264-a11c-21e408ea8af4,10,10,42,25.0,100.0,1002,250,250,0,752,0.000,1.946,15.280,2045.386,62.3,1250,0,755,0,,,/workspace/jaseci_external_tools/linked_list/markov_models/linked_list/Traverse/markov1-pooled-N10_seed42_limit250.json
markov1-pooled-N10,Traverse,250,6,2376.8244395032525,e64115f9-5662-4264-a11c-21e408ea8af4,10,10,42,25.0,100.0,1002,250,250,0,752,0.000,1.918,18.640,2178.195,62.3,1250,0,755,0,,,/workspace/jaseci_external_tools/linked_list/markov_models/linked_list/Traverse/markov1-pooled-N10_seed42_limit250.json
markov1-pooled-N10,Traverse,250,7,2850.7998483255506,e64115f9-5662-4264-a11c-21e408ea8af4,10,10,42,25.0,100.0,1002,250,250,0,752,0.000,2.503,22.709,2628.577,62.3,1250,0,755,0,,,/workspace/jaseci_external_tools/linked_list/markov_models/linked_list/Traverse/markov1-pooled-N10_seed42_limit250.json
markov1-pooled-N10,Traverse,250,8,2384.8050013184547,e64115f9-5662-4264-a11c-21e408ea8af4,10,10,42,25.0,100.0,1002,250,250,0,752,0.000,2.328,18.425,2197.984,62.3,1250,0,755,0,,,/workspace/jaseci_external_tools/linked_list/markov_models/linked_list/Traverse/markov1-pooled-N10_seed42_limit250.json
markov1-pooled-N10,Traverse,250,9,2280.4909888654947,e64115f9-5662-4264-a11c-21e408ea8af4,10,10,42,25.0,100.0,1002,250,250,0,752,0.000,2.791,13.025,2081.777,62.3,1250,0,755,0,,,/workspace/jaseci_external_tools/linked_list/markov_models/linked_list/Traverse/markov1-pooled-N10_seed42_limit250.json
markov1-pooled-N10,Traverse,250,10,2373.0849362909794,e64115f9-5662-4264-a11c-21e408ea8af4,10,10,42,25.0,100.0,1002,250,250,0,752,0.000,2.512,58.542,2165.093,62.3,1250,0,755,0,,,/workspace/jaseci_external_tools/linked_list/markov_models/linked_list/Traverse/markov1-pooled-N10_seed42_limit250.json
markov1-pooled-N10,Traverse,500,1,1925.7739773020148,e64115f9-5662-4264-a11c-21e408ea8af4,10,10,42,49.9,100.0,1002,500,500,0,502,0.000,4.370,27.357,1680.443,74.8,1500,0,505,0,,,/workspace/jaseci_external_tools/linked_list/markov_models/linked_list/Traverse/markov1-pooled-N10_seed42_limit500.json
markov1-pooled-N10,Traverse,500,2,2033.8696045801044,e64115f9-5662-4264-a11c-21e408ea8af4,10,10,42,49.9,100.0,1002,500,500,0,502,0.000,3.505,36.316,1810.965,74.8,1500,0,505,0,,,/workspace/jaseci_external_tools/linked_list/markov_models/linked_list/Traverse/markov1-pooled-N10_seed42_limit500.json
markov1-pooled-N10,Traverse,500,3,1979.7867629677057,e64115f9-5662-4264-a11c-21e408ea8af4,10,10,42,49.9,100.0,1002,500,500,0,502,0.000,4.374,27.644,1685.335,74.8,1500,0,505,0,,,/workspace/jaseci_external_tools/linked_list/markov_models/linked_list/Traverse/markov1-pooled-N10_seed42_limit500.json
markov1-pooled-N10,Traverse,500,4,2060.7720613479614,e64115f9-5662-4264-a11c-21e408ea8af4,10,10,42,49.9,100.0,1002,500,500,0,502,0.000,4.497,36.208,1832.094,74.8,1500,0,505,0,,,/workspace/jaseci_external_tools/linked_list/markov_models/linked_list/Traverse/markov1-pooled-N10_seed42_limit500.json
markov1-pooled-N10,Traverse,500,5,1927.569193765521,e64115f9-5662-4264-a11c-21e408ea8af4,10,10,42,49.9,100.0,1002,500,500,0,502,0.000,3.222,36.284,1706.830,74.8,1500,0,505,0,,,/workspace/jaseci_external_tools/linked_list/markov_models/linked_list/Traverse/markov1-pooled-N10_seed42_limit500.json
markov1-pooled-N10,Traverse,500,6,1833.025399595499,e64115f9-5662-4264-a11c-21e408ea8af4,10,10,42,49.9,100.0,1002,500,500,0,502,0.000,3.135,33.025,1617.065,74.8,1500,0,505,0,,,/workspace/jaseci_external_tools/linked_list/markov_models/linked_list/Traverse/markov1-pooled-N10_seed42_limit500.json
markov1-pooled-N10,Traverse,500,7,1773.2882518321276,e64115f9-5662-4264-a11c-21e408ea8af4,10,10,42,49.9,100.0,1002,500,500,0,502,0.000,3.416,37.269,1551.882,74.8,1500,0,505,0,,,/workspace/jaseci_external_tools/linked_list/markov_models/linked_list/Traverse/markov1-pooled-N10_seed42_limit500.json
markov1-pooled-N10,Traverse,500,8,2176.663904450834,e64115f9-5662-4264-a11c-21e408ea8af4,10,10,42,49.9,100.0,1002,500,500,0,502,0.000,3.272,34.425,1893.930,74.8,1500,0,505,0,,,/workspace/jaseci_external_tools/linked_list/markov_models/linked_list/Traverse/markov1-pooled-N10_seed42_limit500.json
markov1-pooled-N10,Traverse,500,9,1820.406822487712,e64115f9-5662-4264-a11c-21e408ea8af4,10,10,42,49.9,100.0,1002,500,500,0,502,0.000,3.824,31.193,1615.168,74.8,1500,0,505,0,,,/workspace/jaseci_external_tools/linked_list/markov_models/linked_list/Traverse/markov1-pooled-N10_seed42_limit500.json
markov1-pooled-N10,Traverse,500,10,1746.1302299052477,e64115f9-5662-4264-a11c-21e408ea8af4,10,10,42,49.9,100.0,1002,500,500,0,502,0.000,3.378,24.613,1519.466,74.8,1500,0,505,0,,,/workspace/jaseci_external_tools/linked_list/markov_models/linked_list/Traverse/markov1-pooled-N10_seed42_limit500.json
markov1-pooled-N10,Traverse,750,1,1478.4014765173197,e64115f9-5662-4264-a11c-21e408ea8af4,10,10,42,74.9,100.0,1002,750,750,0,252,0.000,5.484,32.998,1269.906,87.3,1750,0,255,0,,,/workspace/jaseci_external_tools/linked_list/markov_models/linked_list/Traverse/markov1-pooled-N10_seed42_limit750.json
markov1-pooled-N10,Traverse,750,2,1662.7738755196333,e64115f9-5662-4264-a11c-21e408ea8af4,10,10,42,74.9,100.0,1002,750,750,0,252,0.000,5.507,38.337,1424.836,87.3,1750,0,255,0,,,/workspace/jaseci_external_tools/linked_list/markov_models/linked_list/Traverse/markov1-pooled-N10_seed42_limit750.json
markov1-pooled-N10,Traverse,750,3,1499.1742232814431,e64115f9-5662-4264-a11c-21e408ea8af4,10,10,42,74.9,100.0,1002,750,750,0,252,0.000,5.422,32.953,1266.581,87.3,1750,0,255,0,,,/workspace/jaseci_external_tools/linked_list/markov_models/linked_list/Traverse/markov1-pooled-N10_seed42_limit750.json
markov1-pooled-N10,Traverse,750,4,1306.0744628310204,e64115f9-5662-4264-a11c-21e408ea8af4,10,10,42,74.9,100.0,1002,750,750,0,252,0.000,4.410,29.104,1094.834,87.3,1750,0,255,0,,,/workspace/jaseci_external_tools/linked_list/markov_models/linked_list/Traverse/markov1-pooled-N10_seed42_limit750.json
markov1-pooled-N10,Traverse,750,5,1518.1512394919991,e64115f9-5662-4264-a11c-21e408ea8af4,10,10,42,74.9,100.0,1002,750,750,0,252,0.000,5.146,30.781,1299.218,87.3,1750,0,255,0,,,/workspace/jaseci_external_tools/linked_list/markov_models/linked_list/Traverse/markov1-pooled-N10_seed42_limit750.json
markov1-pooled-N10,Traverse,750,6,1670.4536117613316,e64115f9-5662-4264-a11c-21e408ea8af4,10,10,42,74.9,100.0,1002,750,750,0,252,0.000,7.328,32.615,1424.708,87.3,1750,0,255,0,,,/workspace/jaseci_external_tools/linked_list/markov_models/linked_list/Traverse/markov1-pooled-N10_seed42_limit750.json
markov1-pooled-N10,Traverse,750,7,1346.1247170343995,e64115f9-5662-4264-a11c-21e408ea8af4,10,10,42,74.9,100.0,1002,750,750,0,252,0.000,4.517,42.286,1134.065,87.3,1750,0,255,0,,,/workspace/jaseci_external_tools/linked_list/markov_models/linked_list/Traverse/markov1-pooled-N10_seed42_limit750.json
markov1-pooled-N10,Traverse,750,8,1389.0988696366549,e64115f9-5662-4264-a11c-21e408ea8af4,10,10,42,74.9,100.0,1002,750,750,0,252,0.000,4.805,32.033,1163.582,87.3,1750,0,255,0,,,/workspace/jaseci_external_tools/linked_list/markov_models/linked_list/Traverse/markov1-pooled-N10_seed42_limit750.json
markov1-pooled-N10,Traverse,750,9,1476.593622006476,e64115f9-5662-4264-a11c-21e408ea8af4,10,10,42,74.9,100.0,1002,750,750,0,252,0.000,4.652,33.000,1210.165,87.3,1750,0,255,0,,,/workspace/jaseci_external_tools/linked_list/markov_models/linked_list/Traverse/markov1-pooled-N10_seed42_limit750.json
markov1-pooled-N10,Traverse,750,10,1559.597377665341,e64115f9-5662-4264-a11c-21e408ea8af4,10,10,42,74.9,100.0,1002,750,750,0,252,0.000,5.491,31.812,1327.791,87.3,1750,0,255,0,,,/workspace/jaseci_external_tools/linked_list/markov_models/linked_list/Traverse/markov1-pooled-N10_seed42_limit750.json
markov1-pooled-N10,Traverse,1000,1,1246.043705381453,e64115f9-5662-4264-a11c-21e408ea8af4,10,10,42,96.7,100.0,1002,969,969,0,33,0.000,7.205,47.408,1004.888,98.2,1969,0,36,0,,,/workspace/jaseci_external_tools/linked_list/markov_models/linked_list/Traverse/markov1-pooled-N10_seed42_limit1000.json
markov1-pooled-N10,Traverse,1000,2,1006.3717067241669,e64115f9-5662-4264-a11c-21e408ea8af4,10,10,42,96.7,100.0,1002,969,969,0,33,0.000,5.533,40.080,739.497,98.2,1969,0,36,0,,,/workspace/jaseci_external_tools/linked_list/markov_models/linked_list/Traverse/markov1-pooled-N10_seed42_limit1000.json
markov1-pooled-N10,Traverse,1000,3,1069.325940683484,e64115f9-5662-4264-a11c-21e408ea8af4,10,10,42,96.7,100.0,1002,969,969,0,33,0.000,7.233,42.892,773.188,98.2,1969,0,36,0,,,/workspace/jaseci_external_tools/linked_list/markov_models/linked_list/Traverse/markov1-pooled-N10_seed42_limit1000.json
markov1-pooled-N10,Traverse,1000,4,1017.7894169464707,e64115f9-5662-4264-a11c-21e408ea8af4,10,10,42,96.7,100.0,1002,969,969,0,33,0.000,6.209,43.148,795.869,98.2,1969,0,36,0,,,/workspace/jaseci_external_tools/linked_list/markov_models/linked_list/Traverse/markov1-pooled-N10_seed42_limit1000.json
markov1-pooled-N10,Traverse,1000,5,1099.71081931144,e64115f9-5662-4264-a11c-21e408ea8af4,10,10,42,96.7,100.0,1002,969,969,0,33,0.000,7.422,56.993,846.511,98.2,1969,0,36,0,,,/workspace/jaseci_external_tools/linked_list/markov_models/linked_list/Traverse/markov1-pooled-N10_seed42_limit1000.json
markov1-pooled-N10,Traverse,1000,6,1129.6046497300267,e64115f9-5662-4264-a11c-21e408ea8af4,10,10,42,96.7,100.0,1002,969,969,0,33,0.000,6.744,40.370,873.653,98.2,1969,0,36,0,,,/workspace/jaseci_external_tools/linked_list/markov_models/linked_list/Traverse/markov1-pooled-N10_seed42_limit1000.json
markov1-pooled-N10,Traverse,1000,7,1092.6019484177232,e64115f9-5662-4264-a11c-21e408ea8af4,10,10,42,96.7,100.0,1002,969,969,0,33,0.000,6.609,47.207,825.515,98.2,1969,0,36,0,,,/workspace/jaseci_external_tools/linked_list/markov_models/linked_list/Traverse/markov1-pooled-N10_seed42_limit1000.json
markov1-pooled-N10,Traverse,1000,8,1105.122466571629,e64115f9-5662-4264-a11c-21e408ea8af4,10,10,42,96.7,100.0,1002,969,969,0,33,0.000,6.849,45.531,845.777,98.2,1969,0,36,0,,,/workspace/jaseci_external_tools/linked_list/markov_models/linked_list/Traverse/markov1-pooled-N10_seed42_limit1000.json
markov1-pooled-N10,Traverse,1000,9,1017.2296380624175,e64115f9-5662-4264-a11c-21e408ea8af4,10,10,42,96.7,100.0,1002,969,969,0,33,0.000,5.801,57.525,760.265,98.2,1969,0,36,0,,,/workspace/jaseci_external_tools/linked_list/markov_models/linked_list/Traverse/markov1-pooled-N10_seed42_limit1000.json
markov1-pooled-N10,Traverse,1000,10,935.4628352448344,e64115f9-5662-4264-a11c-21e408ea8af4,10,10,42,96.7,100.0,1002,969,969,0,33,0.000,5.719,40.002,707.552,98.2,1969,0,36,0,,,/workspace/jaseci_external_tools/linked_list/markov_models/linked_list/Traverse/markov1-pooled-N10_seed42_limit1000.json
markov1-pooled-N10,Traverse,1250,1,975.5168193951249,e64115f9-5662-4264-a11c-21e408ea8af4,10,10,42,96.7,100.0,1002,969,969,0,33,0.000,5.773,36.394,715.193,98.2,1969,0,36,0,,,/workspace/jaseci_external_tools/linked_list/markov_models/linked_list/Traverse/markov1-pooled-N10_seed42_limit1250.json
markov1-pooled-N10,Traverse,1250,2,989.0711810439825,e64115f9-5662-4264-a11c-21e408ea8af4,10,10,42,96.7,100.0,1002,969,969,0,33,0.000,7.159,41.830,766.500,98.2,1969,0,36,0,,,/workspace/jaseci_external_tools/linked_list/markov_models/linked_list/Traverse/markov1-pooled-N10_seed42_limit1250.json
markov1-pooled-N10,Traverse,1250,3,1061.5198966115713,e64115f9-5662-4264-a11c-21e408ea8af4,10,10,42,96.7,100.0,1002,969,969,0,33,0.000,6.186,41.044,813.463,98.2,1969,0,36,0,,,/workspace/jaseci_external_tools/linked_list/markov_models/linked_list/Traverse/markov1-pooled-N10_seed42_limit1250.json
markov1-pooled-N10,Traverse,1250,4,1143.4175726026297,e64115f9-5662-4264-a11c-21e408ea8af4,10,10,42,96.7,100.0,1002,969,969,0,33,0.000,7.837,48.004,870.540,98.2,1969,0,36,0,,,/workspace/jaseci_external_tools/linked_list/markov_models/linked_list/Traverse/markov1-pooled-N10_seed42_limit1250.json
markov1-pooled-N10,Traverse,1250,5,1031.7366225644946,e64115f9-5662-4264-a11c-21e408ea8af4,10,10,42,96.7,100.0,1002,969,969,0,33,0.000,5.816,47.396,806.662,98.2,1969,0,36,0,,,/workspace/jaseci_external_tools/linked_list/markov_models/linked_list/Traverse/markov1-pooled-N10_seed42_limit1250.json
markov1-pooled-N10,Traverse,1250,6,992.7096087485552,e64115f9-5662-4264-a11c-21e408ea8af4,10,10,42,96.7,100.0,1002,969,969,0,33,0.000,6.022,39.287,755.489,98.2,1969,0,36,0,,,/workspace/jaseci_external_tools/linked_list/markov_models/linked_list/Traverse/markov1-pooled-N10_seed42_limit1250.json
markov1-pooled-N10,Traverse,1250,7,957.6188456267118,e64115f9-5662-4264-a11c-21e408ea8af4,10,10,42,96.7,100.0,1002,969,969,0,33,0.000,5.558,38.170,733.306,98.2,1969,0,36,0,,,/workspace/jaseci_external_tools/linked_list/markov_models/linked_list/Traverse/markov1-pooled-N10_seed42_limit1250.json
markov1-pooled-N10,Traverse,1250,8,1003.3923536539078,e64115f9-5662-4264-a11c-21e408ea8af4,10,10,42,96.7,100.0,1002,969,969,0,33,0.000,5.529,40.426,783.561,98.2,1969,0,36,0,,,/workspace/jaseci_external_tools/linked_list/markov_models/linked_list/Traverse/markov1-pooled-N10_seed42_limit1250.json
markov1-pooled-N10,Traverse,1250,9,1027.837498113513,e64115f9-5662-4264-a11c-21e408ea8af4,10,10,42,96.7,100.0,1002,969,969,0,33,0.000,5.858,61.161,806.849,98.2,1969,0,36,0,,,/workspace/jaseci_external_tools/linked_list/markov_models/linked_list/Traverse/markov1-pooled-N10_seed42_limit1250.json
markov1-pooled-N10,Traverse,1250,10,1140.8022930845618,e64115f9-5662-4264-a11c-21e408ea8af4,10,10,42,96.7,100.0,1002,969,969,0,33,0.000,6.494,56.939,849.151,98.2,1969,0,36,0,,,/workspace/jaseci_external_tools/linked_list/markov_models/linked_list/Traverse/markov1-pooled-N10_seed42_limit1250.json
coaccess-pooled-N10,Traverse,250,1,2656.099883839488,2cb13aca-f2c7-46dc-90dc-20789888de41,10,10,42,25.0,100.0,1002,250,250,0,752,0.000,1.607,18.705,2472.206,62.3,1250,0,755,0,,,/workspace/jaseci_external_tools/linked_list/coaccess_models/linked_list/Traverse/coaccess-pooled-N10_seed42_limit250.json
coaccess-pooled-N10,Traverse,250,2,2217.808982357383,2cb13aca-f2c7-46dc-90dc-20789888de41,10,10,42,25.0,100.0,1002,250,250,0,752,0.000,2.618,20.544,2017.608,62.3,1250,0,755,0,,,/workspace/jaseci_external_tools/linked_list/coaccess_models/linked_list/Traverse/coaccess-pooled-N10_seed42_limit250.json
coaccess-pooled-N10,Traverse,250,3,2688.704112544656,2cb13aca-f2c7-46dc-90dc-20789888de41,10,10,42,25.0,100.0,1002,250,250,0,752,0.000,1.598,20.332,2476.160,62.3,1250,0,755,0,,,/workspace/jaseci_external_tools/linked_list/coaccess_models/linked_list/Traverse/coaccess-pooled-N10_seed42_limit250.json
coaccess-pooled-N10,Traverse,250,4,2620.7854887470603,2cb13aca-f2c7-46dc-90dc-20789888de41,10,10,42,25.0,100.0,1002,250,250,0,752,0.000,1.680,19.343,2399.925,62.3,1250,0,755,0,,,/workspace/jaseci_external_tools/linked_list/coaccess_models/linked_list/Traverse/coaccess-pooled-N10_seed42_limit250.json
coaccess-pooled-N10,Traverse,250,5,2114.0511203557253,2cb13aca-f2c7-46dc-90dc-20789888de41,10,10,42,25.0,100.0,1002,250,250,0,752,0.000,1.688,19.413,1897.475,62.3,1250,0,755,0,,,/workspace/jaseci_external_tools/linked_list/coaccess_models/linked_list/Traverse/coaccess-pooled-N10_seed42_limit250.json
coaccess-pooled-N10,Traverse,250,6,2648.091908544302,2cb13aca-f2c7-46dc-90dc-20789888de41,10,10,42,25.0,100.0,1002,250,250,0,752,0.000,1.796,20.638,2472.802,62.3,1250,0,755,0,,,/workspace/jaseci_external_tools/linked_list/coaccess_models/linked_list/Traverse/coaccess-pooled-N10_seed42_limit250.json
coaccess-pooled-N10,Traverse,250,7,2160.465278662741,2cb13aca-f2c7-46dc-90dc-20789888de41,10,10,42,25.0,100.0,1002,250,250,0,752,0.000,1.510,13.897,1966.727,62.3,1250,0,755,0,,,/workspace/jaseci_external_tools/linked_list/coaccess_models/linked_list/Traverse/coaccess-pooled-N10_seed42_limit250.json
coaccess-pooled-N10,Traverse,250,8,2341.260850429535,2cb13aca-f2c7-46dc-90dc-20789888de41,10,10,42,25.0,100.0,1002,250,250,0,752,0.000,1.528,19.034,2147.869,62.3,1250,0,755,0,,,/workspace/jaseci_external_tools/linked_list/coaccess_models/linked_list/Traverse/coaccess-pooled-N10_seed42_limit250.json
coaccess-pooled-N10,Traverse,250,9,2211.0227113589644,2cb13aca-f2c7-46dc-90dc-20789888de41,10,10,42,25.0,100.0,1002,250,250,0,752,0.000,1.955,16.779,2014.078,62.3,1250,0,755,0,,,/workspace/jaseci_external_tools/linked_list/coaccess_models/linked_list/Traverse/coaccess-pooled-N10_seed42_limit250.json
coaccess-pooled-N10,Traverse,250,10,2570.4972157254815,2cb13aca-f2c7-46dc-90dc-20789888de41,10,10,42,25.0,100.0,1002,250,250,0,752,0.000,2.567,13.952,2366.981,62.3,1250,0,755,0,,,/workspace/jaseci_external_tools/linked_list/coaccess_models/linked_list/Traverse/coaccess-pooled-N10_seed42_limit250.json
coaccess-pooled-N10,Traverse,500,1,1780.6019335985184,2cb13aca-f2c7-46dc-90dc-20789888de41,10,10,42,49.9,100.0,1002,500,500,0,502,0.000,3.408,26.214,1576.628,74.8,1500,0,505,0,,,/workspace/jaseci_external_tools/linked_list/coaccess_models/linked_list/Traverse/coaccess-pooled-N10_seed42_limit500.json
coaccess-pooled-N10,Traverse,500,2,1890.8825740218163,2cb13aca-f2c7-46dc-90dc-20789888de41,10,10,42,49.9,100.0,1002,500,500,0,502,0.000,3.372,22.463,1669.418,74.8,1500,0,505,0,,,/workspace/jaseci_external_tools/linked_list/coaccess_models/linked_list/Traverse/coaccess-pooled-N10_seed42_limit500.json
coaccess-pooled-N10,Traverse,500,3,1841.7339315637946,2cb13aca-f2c7-46dc-90dc-20789888de41,10,10,42,49.9,100.0,1002,500,500,0,502,0.000,2.993,28.360,1631.454,74.8,1500,0,505,0,,,/workspace/jaseci_external_tools/linked_list/coaccess_models/linked_list/Traverse/coaccess-pooled-N10_seed42_limit500.json
coaccess-pooled-N10,Traverse,500,4,1872.5560754537582,2cb13aca-f2c7-46dc-90dc-20789888de41,10,10,42,49.9,100.0,1002,500,500,0,502,0.000,4.747,27.256,1623.492,74.8,1500,0,505,0,,,/workspace/jaseci_external_tools/linked_list/coaccess_models/linked_list/Traverse/coaccess-pooled-N10_seed42_limit500.json
coaccess-pooled-N10,Traverse,500,5,1931.801619939506,2cb13aca-f2c7-46dc-90dc-20789888de41,10,10,42,49.9,100.0,1002,500,500,0,502,0.000,3.837,24.053,1677.673,74.8,1500,0,505,0,,,/workspace/jaseci_external_tools/linked_list/coaccess_models/linked_list/Traverse/coaccess-pooled-N10_seed42_limit500.json
coaccess-pooled-N10,Traverse,500,6,1730.162470601499,2cb13aca-f2c7-46dc-90dc-20789888de41,10,10,42,49.9,100.0,1002,500,500,0,502,0.000,2.806,25.403,1498.972,74.8,1500,0,505,0,,,/workspace/jaseci_external_tools/linked_list/coaccess_models/linked_list/Traverse/coaccess-pooled-N10_seed42_limit500.json
coaccess-pooled-N10,Traverse,500,7,2145.778606645763,2cb13aca-f2c7-46dc-90dc-20789888de41,10,10,42,49.9,100.0,1002,500,500,0,502,0.000,2.948,35.326,1894.583,74.8,1500,0,505,0,,,/workspace/jaseci_external_tools/linked_list/coaccess_models/linked_list/Traverse/coaccess-pooled-N10_seed42_limit500.json
coaccess-pooled-N10,Traverse,500,8,2029.3778786435723,2cb13aca-f2c7-46dc-90dc-20789888de41,10,10,42,49.9,100.0,1002,500,500,0,502,0.000,2.930,36.591,1820.792,74.8,1500,0,505,0,,,/workspace/jaseci_external_tools/linked_list/coaccess_models/linked_list/Traverse/coaccess-pooled-N10_seed42_limit500.json
coaccess-pooled-N10,Traverse,500,9,2031.924869865179,2cb13aca-f2c7-46dc-90dc-20789888de41,10,10,42,49.9,100.0,1002,500,500,0,502,0.000,3.181,28.368,1787.081,74.8,1500,0,505,0,,,/workspace/jaseci_external_tools/linked_list/coaccess_models/linked_list/Traverse/coaccess-pooled-N10_seed42_limit500.json
coaccess-pooled-N10,Traverse,500,10,1866.1133721470833,2cb13aca-f2c7-46dc-90dc-20789888de41,10,10,42,49.9,100.0,1002,500,500,0,502,0.000,3.807,28.923,1641.464,74.8,1500,0,505,0,,,/workspace/jaseci_external_tools/linked_list/coaccess_models/linked_list/Traverse/coaccess-pooled-N10_seed42_limit500.json
coaccess-pooled-N10,Traverse,750,1,1668.6894381418824,2cb13aca-f2c7-46dc-90dc-20789888de41,10,10,42,74.9,100.0,1002,750,750,0,252,0.000,4.902,32.756,1443.718,87.3,1750,0,255,0,,,/workspace/jaseci_external_tools/linked_list/coaccess_models/linked_list/Traverse/coaccess-pooled-N10_seed42_limit750.json
coaccess-pooled-N10,Traverse,750,2,1668.8760332763195,2cb13aca-f2c7-46dc-90dc-20789888de41,10,10,42,74.9,100.0,1002,750,750,0,252,0.000,4.617,35.161,1400.890,87.3,1750,0,255,0,,,/workspace/jaseci_external_tools/linked_list/coaccess_models/linked_list/Traverse/coaccess-pooled-N10_seed42_limit750.json
coaccess-pooled-N10,Traverse,750,3,1573.3174001798034,2cb13aca-f2c7-46dc-90dc-20789888de41,10,10,42,74.9,100.0,1002,750,750,0,252,0.000,5.519,41.603,1333.131,87.3,1750,0,255,0,,,/workspace/jaseci_external_tools/linked_list/coaccess_models/linked_list/Traverse/coaccess-pooled-N10_seed42_limit750.json
coaccess-pooled-N10,Traverse,750,4,1352.5668680667877,2cb13aca-f2c7-46dc-90dc-20789888de41,10,10,42,74.9,100.0,1002,750,750,0,252,0.000,4.889,37.646,1120.348,87.3,1750,0,255,0,,,/workspace/jaseci_external_tools/linked_list/coaccess_models/linked_list/Traverse/coaccess-pooled-N10_seed42_limit750.json
coaccess-pooled-N10,Traverse,750,5,1397.381261922419,2cb13aca-f2c7-46dc-90dc-20789888de41,10,10,42,74.9,100.0,1002,750,750,0,252,0.000,4.869,26.882,1178.127,87.3,1750,0,255,0,,,/workspace/jaseci_external_tools/linked_list/coaccess_models/linked_list/Traverse/coaccess-pooled-N10_seed42_limit750.json
coaccess-pooled-N10,Traverse,750,6,1298.4314300119877,2cb13aca-f2c7-46dc-90dc-20789888de41,10,10,42,74.9,100.0,1002,750,750,0,252,0.000,4.077,34.821,1084.980,87.3,1750,0,255,0,,,/workspace/jaseci_external_tools/linked_list/coaccess_models/linked_list/Traverse/coaccess-pooled-N10_seed42_limit750.json
coaccess-pooled-N10,Traverse,750,7,1476.4247499406338,2cb13aca-f2c7-46dc-90dc-20789888de41,10,10,42,74.9,100.0,1002,750,750,0,252,0.000,4.518,48.101,1237.469,87.3,1750,0,255,0,,,/workspace/jaseci_external_tools/linked_list/coaccess_models/linked_list/Traverse/coaccess-pooled-N10_seed42_limit750.json
coaccess-pooled-N10,Traverse,750,8,1382.3263086378574,2cb13aca-f2c7-46dc-90dc-20789888de41,10,10,42,74.9,100.0,1002,750,750,0,252,0.000,4.689,33.740,1148.269,87.3,1750,0,255,0,,,/workspace/jaseci_external_tools/linked_list/coaccess_models/linked_list/Traverse/coaccess-pooled-N10_seed42_limit750.json
coaccess-pooled-N10,Traverse,750,9,1584.8346604034305,2cb13aca-f2c7-46dc-90dc-20789888de41,10,10,42,74.9,100.0,1002,750,750,0,252,0.000,6.842,32.192,1342.611,87.3,1750,0,255,0,,,/workspace/jaseci_external_tools/linked_list/coaccess_models/linked_list/Traverse/coaccess-pooled-N10_seed42_limit750.json
coaccess-pooled-N10,Traverse,750,10,1542.2544535249472,2cb13aca-f2c7-46dc-90dc-20789888de41,10,10,42,74.9,100.0,1002,750,750,0,252,0.000,5.567,40.040,1297.974,87.3,1750,0,255,0,,,/workspace/jaseci_external_tools/linked_list/coaccess_models/linked_list/Traverse/coaccess-pooled-N10_seed42_limit750.json
coaccess-pooled-N10,Traverse,1000,1,1057.6936518773437,2cb13aca-f2c7-46dc-90dc-20789888de41,10,10,42,96.7,100.0,1002,969,969,0,33,0.000,6.593,42.564,812.815,98.2,1969,0,36,0,,,/workspace/jaseci_external_tools/linked_list/coaccess_models/linked_list/Traverse/coaccess-pooled-N10_seed42_limit1000.json
coaccess-pooled-N10,Traverse,1000,2,1106.0445057228208,2cb13aca-f2c7-46dc-90dc-20789888de41,10,10,42,96.7,100.0,1002,969,969,0,33,0.000,6.073,61.762,859.400,98.2,1969,0,36,0,,,/workspace/jaseci_external_tools/linked_list/coaccess_models/linked_list/Traverse/coaccess-pooled-N10_seed42_limit1000.json
coaccess-pooled-N10,Traverse,1000,3,1082.828120328486,2cb13aca-f2c7-46dc-90dc-20789888de41,10,10,42,96.7,100.0,1002,969,969,0,33,0.000,8.867,38.077,848.406,98.2,1969,0,36,0,,,/workspace/jaseci_external_tools/linked_list/coaccess_models/linked_list/Traverse/coaccess-pooled-N10_seed42_limit1000.json
coaccess-pooled-N10,Traverse,1000,4,1121.5493064373732,2cb13aca-f2c7-46dc-90dc-20789888de41,10,10,42,96.7,100.0,1002,969,969,0,33,0.000,6.124,40.900,875.366,98.2,1969,0,36,0,,,/workspace/jaseci_external_tools/linked_list/coaccess_models/linked_list/Traverse/coaccess-pooled-N10_seed42_limit1000.json
coaccess-pooled-N10,Traverse,1000,5,1105.761214159429,2cb13aca-f2c7-46dc-90dc-20789888de41,10,10,42,96.7,100.0,1002,969,969,0,33,0.000,5.686,44.485,868.193,98.2,1969,0,36,0,,,/workspace/jaseci_external_tools/linked_list/coaccess_models/linked_list/Traverse/coaccess-pooled-N10_seed42_limit1000.json
coaccess-pooled-N10,Traverse,1000,6,1188.628618605435,2cb13aca-f2c7-46dc-90dc-20789888de41,10,10,42,96.7,100.0,1002,969,969,0,33,0.000,5.891,46.084,892.816,98.2,1969,0,36,0,,,/workspace/jaseci_external_tools/linked_list/coaccess_models/linked_list/Traverse/coaccess-pooled-N10_seed42_limit1000.json
coaccess-pooled-N10,Traverse,1000,7,915.9540310502052,2cb13aca-f2c7-46dc-90dc-20789888de41,10,10,42,96.7,100.0,1002,969,969,0,33,0.000,5.243,37.276,702.363,98.2,1969,0,36,0,,,/workspace/jaseci_external_tools/linked_list/coaccess_models/linked_list/Traverse/coaccess-pooled-N10_seed42_limit1000.json
coaccess-pooled-N10,Traverse,1000,8,934.1899836435914,2cb13aca-f2c7-46dc-90dc-20789888de41,10,10,42,96.7,100.0,1002,969,969,0,33,0.000,5.137,39.820,717.757,98.2,1969,0,36,0,,,/workspace/jaseci_external_tools/linked_list/coaccess_models/linked_list/Traverse/coaccess-pooled-N10_seed42_limit1000.json
coaccess-pooled-N10,Traverse,1000,9,976.1034352704883,2cb13aca-f2c7-46dc-90dc-20789888de41,10,10,42,96.7,100.0,1002,969,969,0,33,0.000,5.835,43.209,753.091,98.2,1969,0,36,0,,,/workspace/jaseci_external_tools/linked_list/coaccess_models/linked_list/Traverse/coaccess-pooled-N10_seed42_limit1000.json
coaccess-pooled-N10,Traverse,1000,10,1039.482525549829,2cb13aca-f2c7-46dc-90dc-20789888de41,10,10,42,96.7,100.0,1002,969,969,0,33,0.000,5.680,39.840,782.140,98.2,1969,0,36,0,,,/workspace/jaseci_external_tools/linked_list/coaccess_models/linked_list/Traverse/coaccess-pooled-N10_seed42_limit1000.json
coaccess-pooled-N10,Traverse,1250,1,1105.9933211654425,2cb13aca-f2c7-46dc-90dc-20789888de41,10,10,42,96.7,100.0,1002,969,969,0,33,0.000,5.620,41.771,848.208,98.2,1969,0,36,0,,,/workspace/jaseci_external_tools/linked_list/coaccess_models/linked_list/Traverse/coaccess-pooled-N10_seed42_limit1250.json
coaccess-pooled-N10,Traverse,1250,2,988.5966824367642,2cb13aca-f2c7-46dc-90dc-20789888de41,10,10,42,96.7,100.0,1002,969,969,0,33,0.000,6.075,48.358,739.033,98.2,1969,0,36,0,,,/workspace/jaseci_external_tools/linked_list/coaccess_models/linked_list/Traverse/coaccess-pooled-N10_seed42_limit1250.json
coaccess-pooled-N10,Traverse,1250,3,947.4726263433695,2cb13aca-f2c7-46dc-90dc-20789888de41,10,10,42,96.7,100.0,1002,969,969,0,33,0.000,5.599,47.705,724.135,98.2,1969,0,36,0,,,/workspace/jaseci_external_tools/linked_list/coaccess_models/linked_list/Traverse/coaccess-pooled-N10_seed42_limit1250.json
coaccess-pooled-N10,Traverse,1250,4,1002.4581272155046,2cb13aca-f2c7-46dc-90dc-20789888de41,10,10,42,96.7,100.0,1002,969,969,0,33,0.000,5.197,40.838,764.658,98.2,1969,0,36,0,,,/workspace/jaseci_external_tools/linked_list/coaccess_models/linked_list/Traverse/coaccess-pooled-N10_seed42_limit1250.json
coaccess-pooled-N10,Traverse,1250,5,975.4410767927766,2cb13aca-f2c7-46dc-90dc-20789888de41,10,10,42,96.7,100.0,1002,969,969,0,33,0.000,5.532,43.256,751.218,98.2,1969,0,36,0,,,/workspace/jaseci_external_tools/linked_list/coaccess_models/linked_list/Traverse/coaccess-pooled-N10_seed42_limit1250.json
coaccess-pooled-N10,Traverse,1250,6,1216.6960062459111,2cb13aca-f2c7-46dc-90dc-20789888de41,10,10,42,96.7,100.0,1002,969,969,0,33,0.000,7.088,58.435,973.216,98.2,1969,0,36,0,,,/workspace/jaseci_external_tools/linked_list/coaccess_models/linked_list/Traverse/coaccess-pooled-N10_seed42_limit1250.json
coaccess-pooled-N10,Traverse,1250,7,990.426859818399,2cb13aca-f2c7-46dc-90dc-20789888de41,10,10,42,96.7,100.0,1002,969,969,0,33,0.000,5.219,37.794,753.732,98.2,1969,0,36,0,,,/workspace/jaseci_external_tools/linked_list/coaccess_models/linked_list/Traverse/coaccess-pooled-N10_seed42_limit1250.json
coaccess-pooled-N10,Traverse,1250,8,991.8551854789257,2cb13aca-f2c7-46dc-90dc-20789888de41,10,10,42,96.7,100.0,1002,969,969,0,33,0.000,5.661,39.229,754.931,98.2,1969,0,36,0,,,/workspace/jaseci_external_tools/linked_list/coaccess_models/linked_list/Traverse/coaccess-pooled-N10_seed42_limit1250.json
coaccess-pooled-N10,Traverse,1250,9,988.761437125504,2cb13aca-f2c7-46dc-90dc-20789888de41,10,10,42,96.7,100.0,1002,969,969,0,33,0.000,5.126,38.246,738.856,98.2,1969,0,36,0,,,/workspace/jaseci_external_tools/linked_list/coaccess_models/linked_list/Traverse/coaccess-pooled-N10_seed42_limit1250.json
coaccess-pooled-N10,Traverse,1250,10,1098.5532170161605,2cb13aca-f2c7-46dc-90dc-20789888de41,10,10,42,96.7,100.0,1002,969,969,0,33,0.000,5.434,36.644,869.711,98.2,1969,0,36,0,,,/workspace/jaseci_external_tools/linked_list/coaccess_models/linked_list/Traverse/coaccess-pooled-N10_seed42_limit1250.json
none,Traverse,0,1,2951.8287451937795,fc985e74-2280-40c0-bc26-660be863976f,,10,,,,,,,,,0.000,0.000,0.000,2702.649,50.0,1003,0,1002,0,,,
none,Traverse,0,2,2852.8223698958755,fc985e74-2280-40c0-bc26-660be863976f,,10,,,,,,,,,0.000,0.000,0.000,2640.143,50.0,1003,0,1002,0,,,
none,Traverse,0,3,3061.7594877257943,fc985e74-2280-40c0-bc26-660be863976f,,10,,,,,,,,,0.000,0.000,0.000,2870.368,50.0,1003,0,1002,0,,,
none,Traverse,0,4,2438.9946442097425,fc985e74-2280-40c0-bc26-660be863976f,,10,,,,,,,,,0.000,0.000,0.000,2259.878,50.0,1003,0,1002,0,,,
none,Traverse,0,5,2669.963196851313,fc985e74-2280-40c0-bc26-660be863976f,,10,,,,,,,,,0.000,0.000,0.000,2502.301,50.0,1003,0,1002,0,,,
none,Traverse,0,6,2428.194555453956,fc985e74-2280-40c0-bc26-660be863976f,,10,,,,,,,,,0.000,0.000,0.000,2260.525,50.0,1003,0,1002,0,,,
none,Traverse,0,7,2445.611160248518,fc985e74-2280-40c0-bc26-660be863976f,,10,,,,,,,,,0.000,0.000,0.000,2279.830,50.0,1003,0,1002,0,,,
none,Traverse,0,8,2447.5320242345333,fc985e74-2280-40c0-bc26-660be863976f,,10,,,,,,,,,0.000,0.000,0.000,2242.304,50.0,1003,0,1002,0,,,
none,Traverse,0,9,2713.287215679884,fc985e74-2280-40c0-bc26-660be863976f,,10,,,,,,,,,0.000,0.000,0.000,2530.363,50.0,1003,0,1002,0,,,
none,Traverse,0,10,2556.1331240460277,fc985e74-2280-40c0-bc26-660be863976f,,10,,,,,,,,,0.000,0.000,0.000,2390.238,50.0,1003,0,1002,0,,,
